factura_id,target_mora
FAC002529,+60
FAC003996,+60
FAC003414,+90
FAC004606,on_time
FAC000160,+90
FAC004850,on_time
FAC001830,on_time
FAC004120,+30
FAC002142,on_time
FAC003575,+30
FAC001965,+90
FAC000049,on_time
FAC005147,+90
FAC002097,on_time
FAC001937,+30
FAC002837,+30
FAC004941,on_time
FAC002830,on_time
FAC004834,+60
FAC000649,on_time
FAC001032,+60
FAC000380,+60
FAC000671,on_time
FAC000197,+90
FAC005275,+90
FAC003993,+90
FAC000469,on_time
FAC003660,+30
FAC005157,+60
FAC002020,+60
FAC000602,on_time
FAC004717,+90
FAC003729,+90
FAC000861,on_time
FAC002771,+30
FAC003137,on_time
FAC001167,on_time
FAC004172,+60
FAC002460,+60
FAC000773,on_time
FAC000357,+60
FAC001031,+60
FAC000546,+90
FAC001271,+30
FAC002690,on_time
FAC002149,on_time
FAC000273,+60
FAC000323,on_time
FAC004610,+90
FAC004534,on_time
FAC000579,+90
FAC000685,+30
FAC005149,+60
FAC001010,on_time
FAC003071,on_time
FAC004678,+30
FAC002397,on_time
FAC003753,+60
FAC000265,+30
FAC002534,+90
FAC003952,on_time
FAC003747,on_time
FAC002333,on_time
FAC003358,on_time
FAC004210,on_time
FAC004621,+60
FAC001659,on_time
FAC001669,on_time
FAC002253,+60
FAC001887,+60
FAC005262,on_time
FAC005176,+90
FAC002086,+60
FAC005296,+30
FAC004440,on_time
FAC002781,on_time
FAC003655,+90
FAC000541,on_time
FAC003237,+90
FAC004989,on_time
FAC001900,+60
FAC004839,+30
FAC004910,on_time
FAC000854,on_time
FAC001509,+30
FAC004919,+30
FAC003312,+90
FAC001005,on_time
FAC002089,on_time
FAC004675,+60
FAC004523,+60
FAC001364,on_time
FAC004472,on_time
FAC003613,+30
FAC000102,+30
FAC002914,on_time
FAC002962,+90
FAC001323,+60
FAC003680,on_time
FAC004437,+60
FAC004381,+60
FAC002813,on_time
FAC005215,+90
FAC004730,+90
FAC003440,+90
FAC003562,+90
FAC002234,on_time
FAC001343,on_time
FAC004365,on_time
FAC000486,on_time
FAC000696,+90
FAC001302,+90
FAC000560,+90
FAC003004,+60
FAC004593,on_time
FAC002084,+30
FAC004772,+90
FAC003897,on_time
FAC003540,+60
FAC004105,+30
FAC003198,on_time
FAC002508,+30
FAC003882,+60
FAC005133,+90
FAC004981,+60
FAC003136,on_time
FAC002128,+90
FAC004878,on_time
FAC000942,+60
FAC000606,+60
FAC002174,+60
FAC004488,on_time
FAC000221,+30
FAC001533,+30
FAC003211,+30
FAC000403,on_time
FAC003321,+60
FAC002284,+60
FAC005002,+30
FAC004747,on_time
FAC002630,+30
FAC003949,+30
FAC002268,on_time
FAC005054,+30
FAC003421,on_time
FAC003809,+90
FAC001612,+90
FAC003259,+30
FAC001217,+30
FAC002232,+60
FAC003502,+90
FAC001591,+60
FAC005212,+60
FAC000492,on_time
FAC003141,+30
FAC001469,+30
FAC003855,on_time
FAC002273,+60
FAC002307,+90
FAC003858,on_time
FAC005051,+60
FAC005028,+30
FAC001993,on_time
FAC003100,+60
FAC004563,+60
FAC002826,+60
FAC002972,+90
FAC003153,on_time
FAC004849,on_time
FAC000093,+30
FAC004964,+60
FAC003394,+90
FAC001901,+30
FAC005045,on_time
FAC004830,on_time
FAC001235,on_time
FAC003757,+30
FAC005042,+90
FAC005162,+90
FAC001649,on_time
FAC001113,+60
FAC005113,+90
FAC001077,+30
FAC002345,+30
FAC004206,on_time
FAC000290,+90
FAC001889,+90
FAC002363,on_time
FAC003048,+60
FAC000710,+60
FAC000587,+60
FAC002216,+30
FAC004306,on_time
FAC003871,on_time
FAC000478,on_time
FAC002079,on_time
FAC004763,+60
FAC000159,+30
FAC000990,on_time
FAC002035,+60
FAC005016,+90
FAC000484,on_time
FAC001351,on_time
FAC002393,on_time
FAC001124,+30
FAC002099,+90
FAC002870,+90
FAC003865,on_time
FAC001634,+60
FAC002639,+90
FAC000236,+30
FAC000920,+30
FAC005293,on_time
FAC002924,+30
FAC004111,+30
FAC001065,+90
FAC000458,on_time
FAC002621,+30
FAC000634,+30
FAC004862,+60
FAC002153,+60
FAC001630,+30
FAC004273,+90
FAC003424,on_time
FAC002566,+90
FAC003040,+90
FAC003342,+30
FAC003673,+60
FAC002906,+90
FAC002331,+60
FAC000572,on_time
FAC004378,+30
FAC001610,on_time
FAC001287,on_time
FAC003856,on_time
FAC003842,+30
FAC001932,+30
FAC000699,+90
FAC001519,+30
FAC002082,on_time
FAC000061,+30
FAC001385,+60
FAC003447,+90
FAC004307,+30
FAC000377,+90
FAC004107,+90
FAC004551,+90
FAC003307,on_time
FAC000860,+30
FAC000938,+30
FAC003877,+30
FAC000308,on_time
FAC002026,on_time
FAC003836,on_time
FAC004227,on_time
FAC000731,+60
FAC003943,+90
FAC002254,+30
FAC004594,on_time
FAC003256,on_time
FAC003994,on_time
FAC005326,+30
FAC002387,+90
FAC002201,+90
FAC000094,on_time
FAC001247,on_time
FAC002067,on_time
FAC000881,+30
FAC000826,on_time
FAC002337,+60
FAC001269,on_time
FAC004574,+30
FAC003810,on_time
FAC001555,+60
FAC003134,+30
FAC004954,on_time
FAC000479,on_time
FAC001438,on_time
FAC004505,+60
FAC000639,on_time
FAC003713,+60
FAC003767,+30
FAC002733,on_time
FAC000615,on_time
FAC001742,on_time
FAC003579,+30
FAC003693,on_time
FAC000906,on_time
FAC001347,on_time
FAC002193,on_time
FAC003887,+90
FAC000592,on_time
FAC002291,+60
FAC002856,+30
FAC001844,+90
FAC001837,on_time
FAC002394,on_time
FAC004937,+60
FAC001648,+60
FAC000354,+60
FAC003602,+60
FAC003267,+30
FAC004560,+30
FAC001763,+60
FAC004516,on_time
FAC003818,+30
FAC000683,+90
FAC003815,+60
FAC000027,on_time
FAC002462,+90
FAC003781,+60
FAC004482,+60
FAC003403,+60
FAC003265,+60
FAC001012,+60
FAC002227,+30
FAC001489,+30
FAC002953,+30
FAC003185,+60
FAC005303,+90
FAC001399,on_time
FAC003720,on_time
FAC003168,+30
FAC001153,+60
FAC004017,+60
FAC000193,on_time
FAC005137,on_time
FAC000836,on_time
FAC004977,on_time
FAC005103,on_time
FAC001143,+60
FAC004251,+60
FAC004287,+60
FAC001521,+60
FAC003065,+60
FAC002384,+60
FAC000463,+90
FAC001653,+90
FAC000326,+30
FAC004767,on_time
FAC001076,on_time
FAC001499,+60
FAC000755,+90
FAC001568,on_time
FAC002720,+30
FAC002684,+90
FAC003971,on_time
FAC005083,on_time
FAC004827,on_time
FAC000433,+30
FAC002635,on_time
FAC001144,+30
FAC001304,+30
FAC005315,+60
FAC004421,+60
FAC001116,+30
FAC004568,+30
FAC005021,+60
FAC000782,on_time
FAC001137,+60
FAC001224,+90
FAC002810,+30
FAC000101,on_time
FAC000819,on_time
FAC002088,on_time
FAC004927,+30
FAC002325,on_time
FAC000925,+60
FAC003719,+60
FAC001463,+30
FAC002728,+30
FAC002058,+30
FAC004609,+60
FAC000594,on_time
FAC001785,on_time
FAC003975,+90
FAC004792,+30
FAC004066,+30
FAC004789,on_time
FAC005197,on_time
FAC004182,on_time
FAC005040,on_time
FAC003385,on_time
FAC002772,+90
FAC001804,on_time
FAC000275,on_time
FAC002465,+60
FAC001436,on_time
FAC001707,on_time
FAC000446,on_time
FAC001439,on_time
FAC000946,on_time
FAC003184,on_time
FAC003921,on_time
FAC004890,on_time
FAC004432,+90
FAC004640,on_time
FAC001646,+30
FAC001461,on_time
FAC000148,on_time
FAC001608,on_time
FAC004419,+60
FAC003695,+30
FAC001609,on_time
FAC001518,+30
FAC002589,+90
FAC001554,on_time
FAC003056,on_time
FAC001239,on_time
FAC001960,+30
FAC005313,on_time
FAC000722,on_time
FAC003232,+30
FAC001242,on_time
FAC000846,on_time
FAC003964,on_time
FAC004751,+60
FAC003135,+30
FAC004971,+60
FAC002390,on_time
FAC000065,on_time
FAC004564,+30
FAC004552,+90
FAC001115,on_time
FAC003590,on_time
FAC003630,+60
FAC000523,+30
FAC003724,on_time
FAC002495,+30
FAC002823,on_time
FAC001565,+30
FAC002707,+30
FAC001735,on_time
FAC000009,+90
FAC001250,+60
FAC003096,+60
FAC002242,on_time
FAC003666,on_time
FAC000020,on_time
FAC004715,+60
FAC001211,on_time
FAC004929,+90
FAC003021,+30
FAC001325,+30
FAC000164,on_time
FAC004659,on_time
FAC000082,on_time
FAC003084,on_time
FAC002379,+90
FAC004282,+30
FAC001491,on_time
FAC002776,+90
FAC000944,on_time
FAC000628,on_time
FAC005279,+60
FAC005100,+30
FAC002046,on_time
FAC002709,+30
FAC003738,+30
FAC001619,+90
FAC002170,+60
FAC003853,on_time
FAC001442,+90
FAC004867,on_time
FAC001766,+90
FAC000010,+30
FAC000007,on_time
FAC004765,+30
FAC002750,on_time
FAC004608,+90
FAC002895,on_time
FAC005053,on_time
FAC003420,on_time
FAC002920,+90
FAC004953,on_time
FAC004815,+90
FAC003929,+60
FAC000841,+90
FAC003430,+30
FAC004324,on_time
FAC004907,+30
FAC003834,on_time
FAC003913,+90
FAC003883,+30
FAC001080,on_time
FAC000653,+90
FAC002555,on_time
FAC003491,+60
FAC001322,on_time
FAC001111,+60
FAC002685,+90
FAC004222,on_time
FAC002662,on_time
FAC001365,on_time
FAC005185,on_time
FAC003721,on_time
FAC003304,on_time
FAC000660,on_time
FAC002309,on_time
FAC000444,on_time
FAC004820,+90
FAC001228,on_time
FAC000482,+30
FAC001757,on_time
FAC000629,+90
FAC004318,+30
FAC004555,on_time
FAC000564,+60
FAC000509,+60
FAC003330,on_time
FAC001249,+30
FAC003285,on_time
FAC003833,+60
FAC000258,+90
FAC001651,+90
FAC000050,+60
FAC002011,on_time
FAC003899,+30
FAC004244,+30
FAC002367,+60
FAC000817,+60
FAC003406,+90
FAC000401,+60
FAC003202,+30
FAC005310,on_time
FAC005300,+60
FAC000100,on_time
FAC002372,+30
FAC002059,on_time
FAC002427,+30
FAC001562,+60
FAC001821,on_time
FAC002882,on_time
FAC000135,on_time
FAC000911,on_time
FAC003297,+90
FAC004507,on_time
FAC002223,+30
FAC002862,+60
FAC005127,+30
FAC001599,on_time
FAC000331,on_time
FAC000962,+60
FAC001063,+60
FAC003029,+60
FAC001072,+90
FAC004008,on_time
FAC003426,+30
FAC000445,on_time
FAC002113,on_time
FAC000744,on_time
FAC002966,+90
FAC003523,+60
FAC003749,+60
FAC001747,+60
FAC000485,+60
FAC001888,+30
FAC001276,on_time
FAC002078,+30
FAC003697,+60
FAC004958,on_time
FAC000864,+60
FAC002561,+60
FAC000675,+30
FAC000937,on_time
FAC003816,+60
FAC002627,on_time
FAC000577,on_time
FAC000315,+30
FAC001775,on_time
FAC002669,on_time
FAC005024,on_time
FAC000225,+90
FAC003024,on_time
FAC003838,+30
FAC002048,+30
FAC000149,+60
FAC004972,+90
FAC000834,+30
FAC005238,+60
FAC000839,on_time
FAC004498,+90
FAC001717,+30
FAC004080,on_time
FAC000590,on_time
FAC000563,on_time
FAC000567,on_time
FAC000713,on_time
FAC002340,+30
FAC000656,+60
FAC002013,+90
FAC003918,on_time
FAC004123,+60
FAC001783,on_time
FAC003585,+90
FAC002280,+30
FAC004427,on_time
FAC001611,on_time
FAC000845,+30
FAC000196,+30
FAC003363,+30
FAC001307,on_time
FAC004241,+30
FAC003758,on_time
FAC002799,+90
FAC003253,on_time
FAC001171,+30
FAC004439,on_time
FAC000789,on_time
FAC001724,+90
FAC001184,+60
FAC003460,+60
FAC002815,on_time
FAC000833,+60
FAC003703,+90
FAC004893,on_time
FAC003936,+30
FAC004537,+30
FAC003828,on_time
FAC004285,+30
FAC001544,+90
FAC000414,+30
FAC002855,on_time
FAC000138,+30
FAC002459,+90
FAC001934,+30
FAC000735,+90
FAC005161,+60
FAC003416,on_time
FAC000708,+90
FAC004576,+30
FAC004620,on_time
FAC001190,+60
FAC004711,on_time
FAC001537,+90
FAC004361,+90
FAC004778,+90
FAC002211,on_time
FAC003008,+30
FAC004944,+30
FAC000089,+30
FAC003329,+90
FAC000167,+60
FAC003362,on_time
FAC001370,on_time
FAC002172,on_time
FAC003241,+60
FAC002782,+60
FAC002753,on_time
FAC000186,+60
FAC001139,+90
FAC004398,+90
FAC001898,on_time
FAC004069,+60
FAC000223,+30
FAC002602,+60
FAC004119,+30
FAC005260,+60
FAC004776,+60
FAC004651,+90
FAC001441,+30
FAC002591,+60
FAC001998,+60
FAC004320,+60
FAC003861,on_time
FAC001851,+90
FAC002474,on_time
FAC004896,+90
FAC004351,+60
FAC004863,+60
FAC001561,on_time
FAC001421,+30
FAC000951,+90
FAC001768,+60
FAC004260,on_time
FAC004943,on_time
FAC005062,+30
FAC003937,+30
FAC000037,+60
FAC002809,on_time
FAC002464,+90
FAC005010,+30
FAC004238,on_time
FAC002121,+60
FAC000716,+90
FAC002274,+60
FAC004329,+60
FAC004031,on_time
FAC002912,+60
FAC001924,+60
FAC001663,+60
FAC001824,+60
FAC004656,+30
FAC002839,+60
FAC002737,+90
FAC000991,on_time
FAC000598,+30
FAC004754,on_time
FAC000554,on_time
FAC005038,+90
FAC001061,+60
FAC005063,+30
FAC000510,+60
FAC001192,+60
FAC004010,+90
FAC001377,+60
FAC004168,+90
FAC005283,on_time
FAC000391,+30
FAC002398,+90
FAC003384,on_time
FAC004874,on_time
FAC004410,on_time
FAC002734,on_time
FAC004480,on_time
FAC002225,on_time
FAC004013,on_time
FAC000759,+60
FAC000963,+30
FAC004925,on_time
FAC003266,+90
FAC003103,+30
FAC000525,+60
FAC005080,+60
FAC002338,+30
FAC004838,+60
FAC002208,on_time
FAC001899,+60
FAC001373,on_time
FAC001856,+60
FAC000073,on_time
FAC003696,+60
FAC005004,on_time
FAC000142,on_time
FAC002632,on_time
FAC005078,on_time
FAC002838,on_time
FAC005252,on_time
FAC005175,+30
FAC004476,+90
FAC003596,+60
FAC001828,on_time
FAC004199,+90
FAC001907,on_time
FAC002794,+60
FAC000792,on_time
FAC000270,+60
FAC001033,on_time
FAC003203,+90
FAC004190,+90
FAC002933,on_time
FAC000561,on_time
FAC000934,+60
FAC003243,+30
FAC003840,+30
FAC001807,+30
FAC003278,+60
FAC004612,on_time
FAC002747,+60
FAC003354,on_time
FAC001739,+30
FAC004240,+60
FAC004068,+30
FAC003392,on_time
FAC005178,+90
FAC004535,+90
FAC002572,on_time
FAC000975,on_time
FAC003216,+60
FAC004724,+90
FAC002559,on_time
FAC005276,on_time
FAC001294,on_time
FAC004798,on_time
FAC003831,+90
FAC000440,on_time
FAC002617,+90
FAC002248,on_time
FAC002185,+60
FAC002392,+90
FAC004447,+30
FAC004384,+90
FAC004232,+60
FAC004565,on_time
FAC004389,on_time
FAC004496,+30
FAC003445,+30
FAC002751,+30
FAC000529,+90
FAC005273,+30
FAC003316,on_time
FAC001896,+30
FAC004607,+30
FAC001574,on_time
FAC001819,on_time
FAC000470,+30
FAC001030,+60
FAC002679,+60
FAC001483,on_time
FAC004591,+90
FAC001867,+90
FAC001290,+30
FAC000668,on_time
FAC000400,on_time
FAC000335,on_time
FAC002576,+60
FAC002644,on_time
FAC001069,+30
FAC000569,on_time
FAC003484,+90
FAC004424,on_time
FAC004966,+90
FAC002315,+60
FAC004268,+90
FAC004709,+90
FAC000174,+30
FAC000307,on_time
FAC002132,+60
FAC001542,+60
FAC001749,+60
FAC004470,+90
FAC003998,+60
FAC000862,on_time
FAC001961,on_time
FAC000074,+30
FAC001140,+90
FAC005150,+90
FAC002045,on_time
FAC003041,on_time
FAC001130,on_time
FAC003276,on_time
FAC004543,on_time
FAC002308,+90
FAC002620,on_time
FAC002019,+30
FAC003294,on_time
FAC001579,on_time
FAC004234,+30
FAC003846,+90
FAC005151,+30
FAC003207,+30
FAC001541,on_time
FAC003733,+60
FAC004011,on_time
FAC003334,on_time
FAC004901,+30
FAC000622,on_time
FAC002934,+30
FAC004373,on_time
FAC004587,on_time
FAC003782,on_time
FAC002756,on_time
FAC000879,+30
FAC000043,+30
FAC004138,+60
FAC000903,+30
FAC004700,+30
FAC003681,+60
FAC004341,+90
FAC003490,+90
FAC002729,+90
FAC000075,+30
FAC000812,+60
FAC004089,on_time
FAC000663,+90
FAC001744,+90
FAC005171,+60
FAC002615,+60
FAC002036,on_time
FAC004561,+60
FAC004885,on_time
FAC001573,on_time
FAC000664,+60
FAC000472,on_time
FAC004501,+30
FAC001062,on_time
FAC002957,+90
FAC001204,on_time
FAC004508,+30
FAC004154,on_time
FAC005129,+30
FAC004986,+60
FAC000475,on_time
FAC004864,on_time
FAC003675,+30
FAC003999,+30
FAC001716,on_time
FAC004176,+60
FAC004028,+30
FAC002929,+30
FAC004812,on_time
FAC003257,+90
FAC001223,+60
FAC004402,+60
FAC003576,on_time
FAC002042,+60
FAC000557,+90
FAC002023,+60
FAC003437,+60
FAC000295,on_time
FAC001704,on_time
FAC002852,+30
FAC005156,on_time
FAC000779,on_time
FAC000392,+90
FAC002419,+90
FAC003070,on_time
FAC003595,on_time
FAC001603,+60
FAC003982,+60
FAC000980,on_time
FAC002917,+60
FAC002817,on_time
FAC002413,+60
FAC004683,+60
FAC003218,+60
FAC001349,on_time
FAC004930,+90
FAC001640,+30
FAC002738,on_time
FAC003063,+30
FAC003371,+60
FAC005026,on_time
FAC002573,+30
FAC001427,on_time
FAC001301,on_time
FAC004074,+30
FAC004132,+60
FAC000621,+90
FAC002835,+30
FAC000609,on_time
FAC002425,on_time
FAC002220,on_time
FAC002768,+90
FAC002410,on_time
FAC003299,on_time
FAC002854,+60
FAC001911,on_time
FAC005288,+30
FAC001975,+60
FAC001673,on_time
FAC005048,on_time
FAC001786,on_time
FAC001481,+60
FAC003120,on_time
FAC003337,+60
FAC000647,+60
FAC005322,+60
FAC000661,on_time
FAC004192,+60
FAC002111,+30
FAC001661,+60
FAC002689,+90
FAC000888,on_time
FAC000500,on_time
FAC001118,+90
FAC000233,+90
FAC004197,+30
FAC004127,+90
FAC004529,+90
FAC004879,+60
FAC000240,+30
FAC002786,on_time
FAC004040,+60
FAC004550,on_time
FAC003714,+30
FAC002438,+30
FAC003785,on_time
FAC002368,+60
FAC002418,+30
FAC000145,+90
FAC003195,on_time
FAC001604,+90
FAC002152,+60
FAC001400,+90
FAC003498,on_time
FAC000268,+30
FAC003892,on_time
FAC005332,on_time
FAC002606,+60
FAC003122,+30
FAC004572,+60
FAC001864,on_time
FAC003386,+30
FAC004615,on_time
FAC000066,on_time
FAC001320,on_time
FAC001198,+60
FAC003804,+30
FAC000519,on_time
FAC001616,on_time
FAC002310,on_time
FAC003638,+30
FAC002653,+90
FAC004112,+90
FAC002219,+30
FAC004512,on_time
FAC004249,+30
FAC000957,on_time
FAC000768,on_time
FAC004622,on_time
FAC000896,on_time
FAC000619,on_time
FAC002102,+30
FAC000080,on_time
FAC000055,+90
FAC003381,+30
FAC005256,+60
FAC000695,on_time
FAC004980,+60
FAC000573,+30
FAC000012,+30
FAC003466,on_time
FAC000578,on_time
FAC001445,+90
FAC001635,on_time
FAC001369,on_time
FAC002134,+60
FAC003113,on_time
FAC000640,+60
FAC002811,+60
FAC004236,+60
FAC002940,+60
FAC003160,+90
FAC002704,on_time
FAC003089,+30
FAC002237,+30
FAC005208,+90
FAC001206,+30
FAC000876,on_time
FAC005139,+30
FAC004281,+90
FAC001106,+30
FAC001727,+60
FAC002739,+60
FAC003429,on_time
FAC003616,+60
FAC001733,on_time
FAC001827,+30
FAC003744,+90
FAC001196,+30
FAC004835,+60
FAC000254,on_time
FAC000182,+30
FAC000827,+30
FAC000420,on_time
FAC002150,+60
FAC002226,on_time
FAC005311,on_time
FAC000453,on_time
FAC002183,+90
FAC004362,on_time
FAC003481,+60
FAC000271,on_time
FAC004773,on_time
FAC000531,on_time
FAC000929,+30
FAC001330,+30
FAC000063,on_time
FAC002745,+90
FAC000352,+60
FAC004538,on_time
FAC000599,on_time
FAC001346,+60
FAC002645,on_time
FAC001394,+60
FAC002538,on_time
FAC004331,+90
FAC002808,on_time
FAC001983,+30
FAC001289,on_time
FAC001281,+60
FAC004387,on_time
FAC004009,on_time
FAC002546,+60
FAC000166,on_time
FAC004554,+60
FAC001643,+60
FAC002664,+30
FAC002995,on_time
FAC005333,on_time
FAC003934,+90
FAC001079,+90
FAC001682,on_time
FAC004841,+90
FAC005263,+60
FAC003052,on_time
FAC001352,on_time
FAC003431,+30
FAC004725,on_time
FAC004225,+30
FAC005258,on_time
FAC002628,+90
FAC004604,on_time
FAC003642,+60
FAC002130,on_time
FAC002579,+90
FAC000432,on_time
FAC004289,+60
FAC003711,on_time
FAC004177,on_time
FAC003984,+90
FAC004625,+60
FAC001792,+90
FAC001540,+60
FAC003410,on_time
FAC002764,on_time
FAC000369,on_time
FAC004517,on_time
FAC003242,+90
FAC002100,on_time
FAC002613,+30
FAC001962,on_time
FAC002596,+90
FAC004178,on_time
FAC005331,+90
FAC002106,+30
FAC004979,+90
FAC003147,+60
FAC005253,+90
FAC003841,+30
FAC003671,on_time
FAC002406,on_time
FAC003079,on_time
FAC003746,+30
FAC001132,+30
FAC003549,+30
FAC002893,on_time
FAC000287,+60
FAC003415,on_time
FAC003947,on_time
FAC002712,on_time
FAC001023,on_time
FAC004314,on_time
FAC003359,+60
FAC004714,+90
FAC003452,on_time
FAC004775,on_time
FAC000035,+30
FAC001623,+30
FAC002634,+30
FAC002872,+30
FAC003106,on_time
FAC000069,on_time
FAC000940,on_time
FAC001042,+90
FAC004305,on_time
FAC001108,+30
FAC005186,+30
FAC000828,on_time
FAC004309,+30
FAC001893,on_time
FAC000918,+90
FAC004096,+60
FAC004821,on_time
FAC004449,+60
FAC001312,+30
FAC000385,on_time
FAC001508,+30
FAC001752,+60
FAC000188,on_time
FAC002371,on_time
FAC004258,+30
FAC001708,+60
FAC005257,on_time
FAC002412,+30
FAC000613,on_time
FAC004589,on_time
FAC001511,+30
FAC004015,on_time
FAC003997,+60
FAC000728,on_time
FAC001678,+60
FAC003800,on_time
FAC002588,+90
FAC001431,+90
FAC002900,on_time
FAC005092,on_time
FAC001917,+90
FAC003139,on_time
FAC002305,+90
FAC005141,+30
FAC001283,+90
FAC004145,+60
FAC002444,on_time
FAC001259,on_time
FAC005108,+30
FAC000025,on_time
FAC003398,+60
FAC003009,+60
FAC000379,+90
FAC001324,+30
FAC004016,+30
FAC003743,+60
FAC005307,on_time
FAC003039,on_time
FAC004515,on_time
FAC000390,on_time
FAC000320,+90
FAC002659,+90
FAC004082,+30
FAC004000,+90
FAC003448,on_time
FAC001498,+30
FAC005187,+60
FAC001720,+60
FAC003826,+90
FAC004588,on_time
FAC001105,+60
FAC004259,on_time
FAC000286,+30
FAC002449,on_time
FAC003791,on_time
FAC000173,+30
FAC000982,on_time
FAC004858,+30
FAC001935,on_time
FAC002487,on_time
FAC003128,+60
FAC002275,on_time
FAC001841,+30
FAC004444,+30
FAC003907,+60
FAC003775,+30
FAC004255,+30
FAC003260,+30
FAC004658,on_time
FAC003467,+30
FAC004853,+90
FAC002362,+30
FAC002716,on_time
FAC001253,+30
FAC004397,on_time
FAC002569,+30
FAC000960,+90
FAC002482,on_time
FAC002711,+60
FAC000544,+60
FAC005259,on_time
FAC001914,+30
FAC000128,+30
FAC000449,on_time
FAC004746,+90
FAC005308,+60
FAC001455,on_time
FAC005191,+60
FAC003546,+60
FAC003200,on_time
FAC002943,+90
FAC002488,+90
FAC002959,+90
FAC001452,on_time
FAC004079,on_time
FAC002323,on_time
FAC003572,on_time
FAC004468,on_time
FAC001136,+30
FAC004677,+90
FAC003471,on_time
FAC002783,on_time
FAC002187,on_time
FAC004284,+30
FAC003069,on_time
FAC002147,+90
FAC003790,on_time
FAC003291,on_time
FAC001770,+60
FAC001832,on_time
FAC003417,+60
FAC001121,on_time
FAC002759,+90
FAC004393,on_time
FAC003193,+60
FAC002788,+60
FAC004924,+60
FAC001865,+30
FAC004239,on_time
FAC002179,+60
FAC003894,on_time
FAC004379,+60
FAC002429,on_time
FAC003825,on_time
FAC002683,on_time
FAC000491,+30
FAC000408,+30
FAC002320,on_time
FAC005104,+60
FAC000915,+90
FAC000972,+30
FAC000133,on_time
FAC003510,on_time
FAC004426,on_time
FAC004149,+90
FAC003143,+90
FAC002986,on_time
FAC001891,on_time
FAC000852,on_time
FAC002607,on_time
FAC001260,+30
FAC001672,on_time
FAC000405,on_time
FAC000624,on_time
FAC000754,+30
FAC001780,+60
FAC004816,on_time
FAC003796,+90
FAC000410,+30
FAC004140,+60
FAC001843,on_time
FAC002816,on_time
FAC002061,+60
FAC000425,+60
FAC003477,+90
FAC002877,on_time
FAC001147,on_time
FAC004221,on_time
FAC005264,on_time
FAC000994,+60
FAC003862,+30
FAC000092,+30
FAC005039,+30
FAC003235,on_time
FAC003373,on_time
FAC000682,on_time
FAC000277,on_time
FAC003450,on_time
FAC000733,on_time
FAC003669,+30
FAC003178,on_time
FAC005124,+30
FAC001194,+60
FAC003161,on_time
FAC004756,+60
FAC002196,+30
FAC002636,on_time
FAC004531,+30
FAC002318,+60
FAC003742,on_time
FAC000843,+60
FAC005046,on_time
FAC004012,+30
FAC004081,on_time
FAC000152,on_time
FAC005084,on_time
FAC004007,on_time
FAC002682,+90
FAC003129,+30
FAC004158,+30
FAC004926,on_time
FAC000141,on_time
FAC000551,+30
FAC002919,+60
FAC000556,+60
FAC003500,+30
FAC001051,on_time
FAC001156,+60
FAC002597,on_time
FAC000181,on_time
FAC003476,+30
FAC003369,on_time
FAC002528,on_time
FAC002120,+90
FAC002063,+60
FAC000246,on_time
FAC002763,+90
FAC005189,+60
FAC001066,+60
FAC000703,+60
FAC003508,+60
FAC001940,+30
FAC003893,+30
FAC001894,+30
FAC003045,+90
FAC001660,on_time
FAC002646,+90
FAC003516,+30
FAC003734,on_time
FAC002250,on_time
FAC004698,on_time
FAC001356,+30
FAC000885,on_time
FAC002928,on_time
FAC002033,+30
FAC000192,+30
FAC002240,+90
FAC001420,on_time
FAC003217,+60
FAC000395,on_time
FAC002073,on_time
FAC000468,+30
FAC003959,+60
FAC000289,on_time
FAC001484,on_time
FAC000542,on_time
FAC001412,on_time
FAC003835,on_time
FAC000859,+30
FAC004091,+30
FAC004067,+30
FAC002700,+60
FAC003900,on_time
FAC002015,on_time
FAC001152,on_time
FAC003488,+90
FAC003945,+90
FAC000247,+60
FAC001617,on_time
FAC004655,+60
FAC003283,on_time
FAC001262,+30
FAC002050,+90
FAC005009,+30
FAC004407,+60
FAC002213,+60
FAC002166,on_time
FAC001642,+60
FAC004033,on_time
FAC003670,+30
FAC000894,+90
FAC003538,+60
FAC002947,on_time
FAC000208,+30
FAC003970,on_time
FAC004854,on_time
FAC004831,on_time
FAC000407,on_time
FAC003126,on_time
FAC003615,+60
FAC000165,+90
FAC002400,on_time
FAC002404,on_time
FAC001280,+90
FAC002359,on_time
FAC004441,+60
FAC001402,+90
FAC001456,+30
FAC003938,+30
FAC004291,+30
FAC003238,+30
FAC002655,+30
FAC000363,+30
FAC000016,on_time
FAC005174,+60
FAC004429,on_time
FAC000521,on_time
FAC005095,+90
FAC004695,+60
FAC000282,+60
FAC001430,+90
FAC003132,+30
FAC004875,on_time
FAC001285,on_time
FAC003289,+60
FAC003674,+30
FAC000019,on_time
FAC001580,on_time
FAC001098,on_time
FAC000633,+60
FAC002119,on_time
FAC001730,on_time
FAC001376,on_time
FAC002055,on_time
FAC001743,on_time
FAC001662,on_time
FAC004106,+30
FAC001939,on_time
FAC003692,on_time
FAC003807,+60
FAC001220,+90
FAC001665,+30
FAC000281,+30
FAC003951,on_time
FAC000047,+90
FAC000402,on_time
FAC002501,on_time
FAC000501,+30
FAC004996,+30
FAC002374,on_time
FAC005006,+30
FAC002002,on_time
FAC004519,+30
FAC004861,on_time
FAC003085,on_time
FAC001512,on_time
FAC004632,+60
FAC001236,+60
FAC004209,+30
FAC002029,+30
FAC004213,+30
FAC003935,on_time
FAC000071,+60
FAC002814,+30
FAC000739,on_time
FAC003902,on_time
FAC001096,on_time
FAC005089,+90
FAC002904,on_time
FAC003229,on_time
FAC003789,+30
FAC004226,on_time
FAC000490,+90
FAC004477,+90
FAC004358,on_time
FAC000024,on_time
FAC002535,on_time
FAC000360,+30
FAC004708,on_time
FAC005290,+60
FAC003522,on_time
FAC002973,+30
FAC001501,+90
FAC002574,+90
FAC000574,on_time
FAC003728,on_time
FAC003155,+60
FAC004312,+30
FAC003190,+30
FAC001892,on_time
FAC000474,+90
FAC004702,+30
FAC002514,+60
FAC002511,+30
FAC002840,on_time
FAC000356,+60
FAC002335,+60
FAC003726,on_time
FAC001575,+90
FAC000890,on_time
FAC002443,on_time
FAC003123,+30
FAC002687,on_time
FAC000376,+90
FAC001602,+30
FAC001270,+30
FAC000114,on_time
FAC003412,on_time
FAC004054,+30
FAC000757,on_time
FAC002168,+60
FAC004731,+30
FAC000175,+30
FAC002484,+30
FAC005282,+30
FAC002570,+60
FAC002000,+30
FAC004741,on_time
FAC000493,on_time
FAC002829,on_time
FAC000769,on_time
FAC003551,+30
FAC000727,on_time
FAC002641,+60
FAC001895,on_time
FAC001221,on_time
FAC003247,+60
FAC003558,+30
FAC002624,+60
FAC002034,+30
FAC002395,+30
FAC003255,on_time
FAC002385,+60
FAC001367,on_time
FAC002388,on_time
FAC004173,on_time
FAC003344,+30
FAC003054,on_time
FAC004188,on_time
FAC004634,+60
FAC000151,on_time
FAC002784,+60
FAC001291,on_time
FAC003620,+30
FAC000375,on_time
FAC000283,on_time
FAC000788,+90
FAC001279,+90
FAC000878,+90
FAC005317,+90
FAC003607,+60
FAC003003,+60
FAC000447,on_time
FAC000933,+60
FAC002009,+90
FAC004876,on_time
FAC004242,+30
FAC003031,+90
FAC001655,+60
FAC002631,+30
FAC002083,+90
FAC004823,on_time
FAC001401,+60
FAC003438,on_time
FAC004150,+60
FAC000823,on_time
FAC000168,on_time
FAC002918,+90
FAC001761,+90
FAC004914,+90
FAC000498,on_time
FAC004973,+30
FAC000036,+90
FAC004844,on_time
FAC002787,+90
FAC001823,+90
FAC005337,+60
FAC001846,+60
FAC003390,+30
FAC000670,+60
FAC004025,+90
FAC001954,+60
FAC000325,on_time
FAC001595,+30
FAC004425,on_time
FAC003345,on_time
FAC005195,on_time
FAC001029,on_time
FAC001389,on_time
FAC003157,on_time
FAC005096,+60
FAC000095,on_time
FAC003038,on_time
FAC001381,+60
FAC001046,+60
FAC000614,on_time
FAC002706,on_time
FAC000865,+90
FAC002433,+60
FAC000655,+60
FAC003196,on_time
FAC001391,+30
FAC001853,+30
FAC003627,+60
FAC005111,+60
FAC004376,+30
FAC004693,+60
FAC004559,+90
FAC001129,+90
FAC001372,on_time
FAC002824,+60
FAC001411,+90
FAC005067,on_time
FAC003382,on_time
FAC002287,+60
FAC004483,on_time
FAC000367,on_time
FAC004728,on_time
FAC002155,+30
FAC004413,+30
FAC000328,on_time
FAC003731,+60
FAC002800,+60
FAC002319,+30
FAC000676,on_time
FAC001791,+30
FAC003043,on_time
FAC001286,on_time
FAC005320,on_time
FAC003657,on_time
FAC001125,+60
FAC001776,on_time
FAC000317,on_time
FAC003698,+30
FAC000013,+60
FAC004339,+90
FAC002288,on_time
FAC002649,+90
FAC000916,on_time
FAC004296,+30
FAC003117,on_time
FAC004113,on_time
FAC002946,+60
FAC000585,on_time
FAC001834,+60
FAC004032,+60
FAC003483,+30
FAC004664,on_time
FAC002599,on_time
FAC002355,+90
FAC001938,+90
FAC001903,+30
FAC004912,+30
FAC000725,+90
FAC002498,+30
FAC002452,+60
FAC001759,+30
FAC002297,on_time
FAC001443,+90
FAC005249,on_time
FAC001044,+60
FAC001868,+90
FAC001970,+30
FAC000104,+30
FAC002695,on_time
FAC002694,on_time
FAC001606,on_time
FAC001855,+90
FAC002581,on_time
FAC000700,on_time
FAC004433,on_time
FAC001084,on_time
FAC005074,+60
FAC004403,+90
FAC003093,on_time
FAC005182,+30
FAC000752,on_time
FAC004794,+60
FAC003030,+30
FAC004599,+60
FAC004406,on_time
FAC004046,+30
FAC000216,on_time
FAC002054,on_time
FAC000183,on_time
FAC002437,+90
FAC000370,+30
FAC002874,+30
FAC004002,+60
FAC002990,+90
FAC000214,+30
FAC000502,on_time
FAC001238,+90
FAC001288,+60
FAC003167,on_time
FAC001134,on_time
FAC004368,+90
FAC004059,+30
FAC001011,on_time
FAC004676,on_time
FAC003086,on_time
FAC002926,on_time
FAC002238,+90
FAC002411,on_time
FAC003501,+60
FAC000829,+30
FAC001408,+60
FAC002141,+60
FAC001687,+60
FAC002104,+90
FAC002951,on_time
FAC001191,on_time
FAC002052,+30
FAC002937,+30
FAC002151,+30
FAC002353,+30
FAC004629,+30
FAC000643,on_time
FAC003473,+60
FAC001557,+60
FAC002691,+60
FAC002564,+90
FAC001075,+60
FAC001101,on_time
FAC000717,+30
FAC001386,+90
FAC002997,+60
FAC003213,+60
FAC000381,+90
FAC004884,+60
FAC001097,on_time
FAC004179,+60
FAC000499,+60
FAC002358,+30
FAC000549,on_time
FAC000711,on_time
FAC002108,+30
FAC004467,+60
FAC002334,+60
FAC004254,+30
FAC003492,on_time
FAC005109,+30
FAC004571,on_time
FAC003643,+30
FAC004982,on_time
FAC004299,+30
FAC003022,+30
FAC004266,+30
FAC004057,+30
FAC004070,+90
FAC004934,+60
FAC001558,+30
FAC001833,on_time
FAC005334,+30
FAC004481,+30
FAC002541,+60
FAC004703,+60
FAC002477,+30
FAC003823,+60
FAC000618,on_time
FAC000153,on_time
FAC000361,on_time
FAC004386,on_time
FAC000871,+30
FAC004051,on_time
FAC000334,on_time
FAC000796,+30
FAC004758,+30
FAC004229,on_time
FAC003605,+30
FAC004894,+30
FAC001218,+30
FAC002952,+90
FAC002600,on_time
FAC003520,+60
FAC003524,+60
FAC002157,on_time
FAC000883,on_time
FAC005272,on_time
FAC004911,+90
FAC001709,+60
FAC000418,on_time
FAC001470,on_time
FAC000983,+30
FAC001702,on_time
FAC004696,+60
FAC003231,+60
FAC001474,on_time
FAC004660,on_time
FAC001688,+30
FAC005209,+60
FAC004170,on_time
FAC002094,+60
FAC002954,on_time
FAC002321,+90
FAC002375,+90
FAC002314,+30
FAC004110,+60
FAC000119,on_time
FAC003165,+90
FAC004157,on_time
FAC004471,+30
FAC003032,on_time
FAC002897,+90
FAC004101,+30
FAC001973,+60
FAC002212,on_time
FAC004315,+30
FAC004131,on_time
FAC003201,+90
FAC005219,+30
FAC002096,+30
FAC003769,on_time
FAC002244,on_time
FAC003183,on_time
FAC001393,on_time
FAC000229,+30
FAC005172,+30
FAC004961,on_time
FAC001581,+90
FAC003854,on_time
FAC005298,+60
FAC001818,on_time
FAC001598,+30
FAC000820,on_time
FAC001053,+30
FAC001712,on_time
FAC002339,+30
FAC003651,+60
FAC003592,on_time
FAC001085,on_time
FAC004790,+60
FAC004997,on_time
FAC004452,+30
FAC000460,+60
FAC000461,on_time
FAC004788,+30
FAC001446,+90
FAC001980,on_time
FAC001383,+60
FAC001810,on_time
FAC000488,on_time
FAC000978,+30
FAC004856,on_time
FAC000568,on_time
FAC003588,+60
FAC001817,on_time
FAC002998,+30
FAC000099,+60
FAC001531,on_time
FAC002481,on_time
FAC002614,on_time
FAC003059,on_time
FAC003990,+60
FAC004668,on_time
FAC001114,on_time
FAC004247,+60
FAC004041,on_time
FAC002184,+60
FAC000701,on_time
FAC004078,+90
FAC002352,+30
FAC002675,+60
FAC003290,on_time
FAC004256,+30
FAC003614,+30
FAC003104,on_time
FAC001881,on_time
FAC000673,+60
FAC001179,on_time
FAC003525,+30
FAC002693,+30
FAC000892,on_time
FAC003779,on_time
FAC004372,+60
FAC001141,+30
FAC001015,on_time
FAC001022,on_time
FAC000751,on_time
FAC004735,+30
FAC003350,on_time
FAC003098,on_time
FAC001666,+60
FAC004183,+90
FAC002116,on_time
FAC000309,on_time
FAC003958,on_time
FAC001926,+30
FAC002346,+60
FAC005008,+30
FAC001180,+30
FAC002657,+60
FAC003568,+60
FAC000199,+90
FAC004957,+90
FAC003580,on_time
FAC005181,on_time
FAC001444,+30
FAC003972,+30
FAC004799,+60
FAC002723,on_time
FAC002710,on_time
FAC001159,+90
FAC005218,+30
FAC003940,on_time
FAC001945,on_time
FAC000112,+30
FAC004905,+30
FAC004072,+60
FAC003230,+90
FAC001222,on_time
FAC004639,on_time
FAC002496,+60
FAC002348,on_time
FAC002510,+30
FAC000955,on_time
FAC003709,on_time
FAC002263,+60
FAC001645,+60
FAC004231,+90
FAC005154,on_time
FAC000809,on_time
FAC003418,+30
FAC002247,on_time
FAC004545,+30
FAC000321,+60
FAC002328,+60
FAC000504,on_time
FAC002402,on_time
FAC003205,on_time
FAC004797,+90
FAC002969,+60
FAC002401,on_time
FAC002859,on_time
FAC000264,+30
FAC004769,+60
FAC002625,on_time
FAC004493,+90
FAC004077,+90
FAC001448,on_time
FAC002847,on_time
FAC003752,on_time
FAC001494,+90
FAC002742,+30
FAC004734,+60
FAC000122,on_time
FAC002195,on_time
FAC003801,+90
FAC000006,+30
FAC002399,on_time
FAC001930,on_time
FAC001034,+90
FAC004637,+30
FAC000333,+90
FAC002699,on_time
FAC001589,on_time
FAC003433,on_time
FAC003662,on_time
FAC004185,+30
FAC003658,+30
FAC000087,+90
FAC003611,on_time
FAC000140,on_time
FAC000589,+60
FAC000753,on_time
FAC001266,+90
FAC000543,+90
FAC000393,+60
FAC004165,+30
FAC000409,on_time
FAC001839,+90
FAC002414,+30
FAC003277,+60
FAC005110,+90
FAC002145,+90
FAC000714,+30
FAC003296,on_time
FAC002525,on_time
FAC002963,+90
FAC003468,+30
FAC004451,on_time
FAC000398,+30
FAC004018,+90
FAC002499,+90
FAC002044,+60
FAC001406,+30
FAC003240,+30
FAC003318,on_time
FAC002267,on_time
FAC001339,+30
FAC005318,on_time
FAC001994,+30
FAC005325,on_time
FAC000248,+60
FAC001658,+60
FAC002875,+60
FAC000250,on_time
FAC002432,on_time
FAC003058,on_time
FAC004808,+60
FAC002666,+60
FAC001068,on_time
FAC000693,on_time
FAC003264,+30
FAC005192,+60
FAC004310,on_time
FAC000021,+30
FAC002283,on_time
FAC001913,on_time
FAC000818,+30
FAC004847,+30
FAC002892,on_time
FAC004322,+60
FAC000935,on_time
FAC001199,+30
FAC002167,+30
FAC004832,+90
FAC002366,on_time
FAC003705,on_time
FAC004401,on_time
FAC001789,+30
FAC004269,+90
FAC000058,on_time
FAC002955,on_time
FAC000018,+30
FAC003026,on_time
FAC004418,on_time
FAC001321,+90
FAC004142,on_time
FAC002163,on_time
FAC002705,on_time
FAC000487,+30
FAC004692,on_time
FAC003439,+30
FAC005237,on_time
FAC001099,+30
FAC001852,+90
FAC001487,on_time
FAC000422,+30
FAC003878,+30
FAC002434,on_time
FAC004171,+30
FAC001967,on_time
FAC000123,on_time
FAC002714,+30
FAC003292,on_time
FAC001315,+30
FAC001138,on_time
FAC001530,+60
FAC000798,on_time
FAC003142,+60
FAC000973,on_time
FAC000106,on_time
FAC002222,+30
FAC004097,on_time
FAC002133,+30
FAC001081,+60
FAC005289,+30
FAC001313,on_time
FAC002803,+60
FAC000272,on_time
FAC002651,on_time
FAC001225,+30
FAC002890,+30
FAC003600,+90
FAC002916,on_time
FAC000269,+30
FAC003889,+90
FAC000302,+30
FAC003599,on_time
FAC004641,+90
FAC002668,+90
FAC002789,+30
FAC002230,+60
FAC001621,+90
FAC000914,on_time
FAC002795,+90
FAC000926,on_time
FAC001306,on_time
FAC000538,+90
FAC004933,+30
FAC004460,+60
FAC004742,+60
FAC001875,+60
FAC003885,on_time
FAC003639,on_time
FAC002381,+30
FAC004653,on_time
FAC004060,+30
FAC001059,+30
FAC000284,on_time
FAC004245,on_time
FAC000891,+90
FAC001148,+60
FAC004903,+60
FAC002422,on_time
FAC004626,+60
FAC001577,+60
FAC000770,+90
FAC001503,+90
FAC004713,+60
FAC000520,on_time
FAC002626,on_time
FAC003387,+60
FAC003536,on_time
FAC000558,+60
FAC001667,+60
FAC004464,on_time
FAC003493,on_time
FAC001862,+90
FAC001127,+30
FAC003319,on_time
FAC001520,+90
FAC001142,+60
FAC004001,+30
FAC001379,+30
FAC004886,on_time
FAC005005,on_time
FAC005037,+60
FAC003764,+90
FAC003560,+60
FAC003880,on_time
FAC000575,on_time
FAC003214,on_time
FAC002373,+90
FAC001594,on_time
FAC002550,+90
FAC002233,+90
FAC005000,on_time
FAC000810,on_time
FAC002595,on_time
FAC000374,+90
FAC000950,on_time
FAC001082,on_time
FAC003844,+30
FAC000562,+60
FAC000631,on_time
FAC003606,on_time
FAC000455,on_time
FAC001801,+90
FAC001265,+60
FAC004193,+30
FAC004990,+60
FAC002547,+90
FAC002396,+90
FAC005324,+30
FAC002286,+90
FAC004084,on_time
FAC004038,on_time
FAC003632,on_time
FAC003942,on_time
FAC002898,+60
FAC001877,on_time
FAC003699,on_time
FAC004671,on_time
FAC005236,+60
FAC004645,on_time
FAC002038,+30
FAC003535,+30
FAC003480,+30
FAC004630,+60
FAC003271,+30
FAC001434,+90
FAC004705,+30
FAC002440,+30
FAC002721,+60
FAC004504,+30
FAC004528,+60
FAC000046,+30
FAC000005,+60
FAC004680,on_time
FAC004967,+90
FAC001700,on_time
FAC000143,on_time
FAC000540,on_time
FAC003228,on_time
FAC000110,+90
FAC002801,+90
FAC001174,+60
FAC002577,+30
FAC000451,on_time
FAC003904,+60
FAC001985,+30
FAC002241,+30
FAC002754,+30
FAC000029,on_time
FAC000386,+90
FAC004279,on_time
FAC001941,+90
FAC003035,+60
FAC005207,+60
FAC000844,+60
FAC002732,on_time
FAC002958,on_time
FAC001912,+60
FAC004909,+30
FAC000358,on_time
FAC002176,+30
FAC003870,on_time
FAC002162,+30
FAC004491,+90
FAC003920,+30
FAC005271,on_time
FAC003482,on_time
FAC000601,+60
FAC004782,on_time
FAC002673,on_time
FAC003333,+60
FAC004047,+30
FAC004795,+90
FAC004614,+60
FAC002445,+30
FAC004603,on_time
FAC000464,on_time
FAC004688,+90
FAC003910,on_time
FAC001388,+60
FAC003401,+30
FAC001798,+60
FAC003962,+30
FAC003262,+60
FAC003847,on_time
FAC001613,on_time
FAC002637,on_time
FAC000632,on_time
FAC002169,+60
FAC002578,+60
FAC000081,on_time
FAC002300,on_time
FAC000776,+30
FAC000206,+60
FAC001255,+30
FAC000178,on_time
FAC002563,+30
FAC001872,+60
FAC003652,+90
FAC000652,on_time
FAC001538,on_time
FAC004090,+30
FAC002161,on_time
FAC005254,+60
FAC000971,+30
FAC000300,+30
FAC004023,on_time
FAC000746,on_time
FAC004803,+30
FAC004814,+30
FAC000109,+30
FAC001679,+90
FAC003928,+90
FAC003872,+30
FAC004003,+90
FAC002486,+30
FAC001721,+60
FAC004548,+60
FAC002293,+60
FAC000513,on_time
FAC001504,+60
FAC005119,+30
FAC001173,on_time
FAC003608,+30
FAC002880,on_time
FAC001559,+30
FAC004475,+60
FAC004026,+30
FAC000349,on_time
FAC001009,on_time
FAC001746,on_time
FAC001396,on_time
FAC000097,+30
FAC004536,+30
FAC000144,on_time
FAC005125,+30
FAC002123,on_time
FAC003577,+90
FAC003533,+30
FAC002144,+30
FAC004042,on_time
FAC004006,on_time
FAC002165,on_time
FAC004130,on_time
FAC002441,+90
FAC002913,+30
FAC003432,+60
FAC004224,+30
FAC001760,+30
FAC000954,on_time
FAC003811,on_time
FAC000280,+30
FAC001582,on_time
FAC002447,+30
FAC001797,+90
FAC003622,+30
FAC000207,on_time
FAC002004,+60
FAC003272,+60
FAC003408,on_time
FAC003649,on_time
FAC005130,+30
FAC001414,on_time
FAC004805,on_time
FAC001329,+30
FAC001524,+30
FAC004075,on_time
FAC005241,on_time
FAC001539,on_time
FAC001049,on_time
FAC000635,+30
FAC003980,+30
FAC003581,on_time
FAC000586,+60
FAC003512,+90
FAC000692,on_time
FAC001252,+30
FAC000863,on_time
FAC001480,+30
FAC003527,+30
FAC001552,on_time
FAC002301,on_time
FAC002760,on_time
FAC000495,+30
FAC004380,+60
FAC002865,+90
FAC003463,+30
FAC003770,+30
FAC004461,+30
FAC001308,on_time
FAC001054,on_time
FAC003268,+60
FAC003732,+30
FAC005193,+30
FAC003191,+60
FAC000459,+90
FAC000505,on_time
FAC001423,on_time
FAC003570,on_time
FAC002974,+90
FAC000949,on_time
FAC003343,on_time
FAC003397,on_time
FAC003944,on_time
FAC000340,on_time
FAC003305,+30
FAC002970,+60
FAC002616,on_time
FAC001002,on_time
FAC002775,+90
FAC000908,+60
FAC002010,on_time
FAC002797,+30
FAC004951,+90
FAC002131,+30
FAC004681,on_time
FAC002266,+60
FAC002807,on_time
FAC004687,+30
FAC001734,+60
FAC004813,on_time
FAC000045,+30
FAC000947,+60
FAC003186,+30
FAC003349,+60
FAC003866,on_time
FAC001942,on_time
FAC001437,+60
FAC004783,on_time
FAC004721,+30
FAC001627,on_time
FAC004399,+30
FAC005070,on_time
FAC003462,+90
FAC000466,+60
FAC003006,+30
FAC000171,on_time
FAC000570,on_time
FAC000413,+60
FAC003400,+30
FAC001296,on_time
FAC000644,+60
FAC000537,+90
FAC002748,+60
FAC002210,on_time
FAC000680,on_time
FAC005012,+60
FAC001496,+30
FAC004355,on_time
FAC004073,+30
FAC004539,on_time
FAC003955,+90
FAC004200,+90
FAC003303,+60
FAC004478,on_time
FAC000889,+30
FAC001358,+90
FAC004455,+60
FAC003884,+60
FAC001490,on_time
FAC004748,on_time
FAC000044,on_time
FAC001871,+30
FAC001869,+90
FAC002296,+60
FAC001384,+30
FAC003248,+30
FAC000076,on_time
FAC001335,+30
FAC000760,+30
FAC000111,on_time
FAC002909,+30
FAC001413,+90
FAC003960,+30
FAC001183,on_time
FAC004277,+90
FAC003604,+30
FAC001407,on_time
FAC001392,+30
FAC004118,on_time
FAC001502,+30
FAC002520,on_time
FAC003407,+30
FAC003072,+90
FAC000559,+60
FAC000310,+30
FAC002008,on_time
FAC004553,+30
FAC004670,+60
FAC000909,+30
FAC000457,+30
FAC004039,+90
FAC002047,on_time
FAC002408,on_time
FAC003973,+90
FAC003234,+30
FAC003678,on_time
FAC005336,+30
FAC003644,+60
FAC002364,+90
FAC003978,on_time
FAC004819,+30
FAC004293,on_time
FAC001701,on_time
FAC000172,on_time
FAC004811,+60
FAC000001,+90
FAC001796,+90
FAC001777,on_time
FAC002598,on_time
FAC001299,on_time
FAC004952,+30
FAC000702,on_time
FAC001919,+90
FAC000512,+60
FAC000062,+90
FAC000298,+30
FAC003941,+60
FAC002415,on_time
FAC004162,+60
FAC003986,on_time
FAC001177,+30
FAC001067,+60
FAC003388,on_time
FAC002548,on_time
FAC002024,on_time
FAC003704,+60
FAC002270,+30
FAC003766,on_time
FAC001447,on_time
FAC001920,on_time
FAC000274,on_time
FAC003682,+30
FAC004546,on_time
FAC002590,+30
FAC000719,on_time
FAC004500,+30
FAC002820,+60
FAC003144,on_time
FAC000497,+30
FAC005183,+60
FAC004274,on_time
FAC000329,+30
FAC002206,+60
FAC004992,on_time
FAC003444,+30
FAC001244,+30
FAC004781,on_time
FAC001477,on_time
FAC005029,on_time
FAC001600,+30
FAC004988,+60
FAC001685,+30
FAC003750,+60
FAC004726,+60
FAC005061,+90
FAC000866,+30
FAC000263,on_time
FAC003007,+30
FAC002031,on_time
FAC003564,on_time
FAC001476,on_time
FAC000341,+30
FAC002032,on_time
FAC001201,on_time
FAC004627,+30
FAC000232,+60
FAC004191,on_time
FAC002461,on_time
FAC000213,+60
FAC004840,on_time
FAC004356,on_time
FAC001532,+30
FAC003301,+30
FAC003499,+60
FAC002565,+90
FAC002140,+30
FAC005059,on_time
FAC004337,+90
FAC001107,+30
FAC001705,+60
FAC004562,on_time
FAC000002,+30
FAC000314,+30
FAC002289,on_time
FAC002090,on_time
FAC003684,on_time
FAC001787,on_time
FAC002037,+60
FAC002696,on_time
FAC000368,on_time
FAC002085,+90
FAC000227,+90
FAC001522,on_time
FAC001772,on_time
FAC000678,on_time
FAC004061,on_time
FAC003583,+30
FAC002215,on_time
FAC004261,+30
FAC001567,on_time
FAC002715,+30
FAC003109,+30
FAC004984,+90
FAC004431,+90
FAC005280,+60
FAC005214,on_time
FAC003867,on_time
FAC001740,+60
FAC001863,on_time
FAC004881,on_time
FAC001045,+30
FAC004873,+30
FAC004102,on_time
FAC004205,on_time
FAC001927,+90
FAC001375,+60
FAC004326,+30
FAC003182,+60
FAC004092,+30
FAC003762,+60
FAC003774,+60
FAC001168,on_time
FAC001264,on_time
FAC003906,+60
FAC002524,+90
FAC004321,+60
FAC000279,+90
FAC000893,on_time
FAC004510,+90
FAC004540,+60
FAC003146,+60
FAC003514,+90
FAC001624,+30
FAC003504,+90
FAC001454,on_time
FAC004837,+90
FAC001398,on_time
FAC002594,on_time
FAC000806,+60
FAC003794,+60
FAC002871,+30
FAC001614,on_time
FAC002708,+60
FAC002648,on_time
FAC004328,+30
FAC001332,+60
FAC001991,+60
FAC001654,+30
FAC001342,+30
FAC001545,on_time
FAC000931,on_time
FAC001460,on_time
FAC004602,on_time
FAC000218,on_time
FAC003000,+60
FAC001122,on_time
FAC005136,on_time
FAC001656,+30
FAC001018,+30
FAC001094,+90
FAC001737,on_time
FAC001091,on_time
FAC001268,on_time
FAC002279,on_time
FAC003792,+60
FAC003457,+60
FAC000953,on_time
FAC001958,+30
FAC005081,+90
FAC002249,+60
FAC004294,+60
FAC004962,+60
FAC003677,+30
FAC000758,on_time
FAC002236,+90
FAC005152,+30
FAC001161,+30
FAC004998,on_time
FAC001969,+90
FAC004679,on_time
FAC002761,+30
FAC000234,+90
FAC002556,on_time
FAC003517,+60
FAC004785,on_time
FAC005306,+90
FAC000318,+30
FAC002945,+30
FAC001350,+60
FAC003663,+30
FAC003803,on_time
FAC000870,+90
FAC001403,+30
FAC004462,on_time
FAC001109,+30
FAC000771,on_time
FAC003890,+90
FAC002688,+90
FAC003064,on_time
FAC003557,+60
FAC003245,+90
FAC002686,on_time
FAC004076,on_time
FAC002580,+90
FAC005115,on_time
FAC001718,on_time
FAC001773,on_time
FAC000251,on_time
FAC003188,+30
FAC003284,on_time
FAC003269,+90
FAC000691,on_time
FAC002109,on_time
FAC002642,+30
FAC001310,on_time
FAC002122,+30
FAC004366,+60
FAC005031,+60
FAC001273,+30
FAC001931,+60
FAC003396,on_time
FAC005286,+30
FAC000292,on_time
FAC004319,+60
FAC005134,+90
FAC000291,on_time
FAC000210,on_time
FAC002030,+30
FAC003601,+90
FAC003954,+30
FAC005072,+30
FAC000125,on_time
FAC003019,+30
FAC001835,on_time
FAC001923,+30
FAC004544,on_time
FAC000805,+90
FAC001418,+30
FAC001126,on_time
FAC003470,on_time
FAC005122,+30
FAC001317,+30
FAC001948,+90
FAC003688,+90
FAC001897,on_time
FAC004818,+90
FAC000527,+30
FAC004558,on_time
FAC003925,+60
FAC000912,+30
FAC001467,+90
FAC004371,+60
FAC003956,+30
FAC000857,+30
FAC003814,on_time
FAC003777,on_time
FAC003108,on_time
FAC002471,on_time
FAC001362,+30
FAC001092,on_time
FAC003526,+60
FAC004280,+60
FAC004194,+60
FAC004577,+90
FAC001058,on_time
FAC003799,+30
FAC004822,+60
FAC000868,+30
FAC000039,on_time
FAC001256,on_time
FAC000825,on_time
FAC000712,+60
FAC003097,+60
FAC001017,on_time
FAC000371,on_time
FAC002592,+90
FAC002888,on_time
FAC001711,on_time
FAC005107,+90
FAC003932,on_time
FAC001336,on_time
FAC003748,on_time
FAC005269,+90
FAC000723,on_time
FAC002479,on_time
FAC002902,+90
FAC001087,on_time
FAC000220,on_time
FAC005131,on_time
FAC004931,on_time
FAC003710,+30
FAC000662,on_time
FAC004569,on_time
FAC003036,+90
FAC003280,on_time
FAC002505,on_time
FAC004567,+60
FAC001726,+30
FAC000688,+30
FAC003436,on_time
FAC002633,+30
FAC001071,+30
FAC000807,+60
FAC004335,on_time
FAC001657,on_time
FAC000985,on_time
FAC004743,on_time
FAC002727,+60
FAC004947,+90
FAC000945,on_time
FAC002360,on_time
FAC001849,+60
FAC001644,on_time
FAC002752,+30
FAC002455,+30
FAC000237,on_time
FAC000327,on_time
FAC004353,+60
FAC002264,on_time
FAC002265,on_time
FAC001816,+60
FAC001326,on_time
FAC005159,+90
FAC001215,on_time
FAC002012,+30
FAC000072,on_time
FAC003821,on_time
FAC001471,+30
FAC001596,+60
FAC003377,on_time
FAC004056,+60
FAC000245,on_time
FAC004965,+60
FAC002517,+90
FAC004557,on_time
FAC000351,on_time
FAC003776,+30
FAC000103,on_time
FAC003621,+60
FAC002430,+30
FAC004851,+30
FAC005179,on_time
FAC000518,+60
FAC001972,on_time
FAC003306,+30
FAC003173,+30
FAC000313,on_time
FAC000778,on_time
FAC000821,+90
FAC001578,+30
FAC000791,on_time
FAC001006,+90
FAC001560,on_time
FAC004643,on_time
FAC005097,on_time
FAC005267,+90
FAC004710,on_time
FAC002544,on_time
FAC002489,+90
FAC002908,on_time
FAC000242,on_time
FAC003076,on_time
FAC005035,+30
FAC001003,on_time
FAC001432,+30
FAC001229,+60
FAC001505,on_time
FAC002378,+30
FAC001781,+90
FAC004635,on_time
FAC003331,+60
FAC004514,+90
FAC003610,on_time
FAC000581,on_time
FAC002741,+90
FAC001410,on_time
FAC002217,+90
FAC001981,+30
FAC004945,+30
FAC000450,+90
FAC000040,+30
FAC001950,on_time
FAC005228,+30
FAC004485,+30
FAC002766,on_time
FAC000677,+60
FAC000278,+30
FAC004169,on_time
FAC003725,+30
FAC005220,+60
FAC005242,on_time
FAC003208,on_time
FAC000907,on_time
FAC000503,+90
FAC000184,+60
FAC000849,on_time
FAC002129,on_time
FAC000636,on_time
FAC002502,on_time
FAC003824,+60
FAC003739,on_time
FAC004793,+30
FAC000105,on_time
FAC005200,+60
FAC004623,+30
FAC003939,+30
FAC001348,on_time
FAC000786,+60
FAC004650,on_time
FAC001729,on_time
FAC003095,+90
FAC003686,on_time
FAC001479,+60
FAC003125,+30
FAC001563,+30
FAC002188,on_time
FAC002806,+60
FAC000626,+30
FAC002977,on_time
FAC001303,on_time
FAC001016,+60
FAC002463,+30
FAC003797,+30
FAC004974,+30
FAC001233,+30
FAC000378,on_time
FAC001083,+30
FAC000928,on_time
FAC002611,on_time
FAC000332,+60
FAC003162,+90
FAC004151,on_time
FAC000189,on_time
FAC003976,+30
FAC004673,+90
FAC004995,+60
FAC002780,+30
FAC005001,+60
FAC003543,+90
FAC002101,+30
FAC002115,+60
FAC004959,+90
FAC002774,+90
FAC004892,+90
FAC003053,on_time
FAC001569,+90
FAC000120,on_time
FAC001166,on_time
FAC005047,+30
FAC001409,+30
FAC005148,+90
FAC003531,+30
FAC002674,on_time
FAC000706,on_time
FAC003258,+60
FAC000642,on_time
FAC001278,+60
FAC003428,+30
FAC004499,on_time
FAC003597,on_time
FAC001605,on_time
FAC003859,on_time
FAC002935,on_time
FAC001850,on_time
FAC000999,on_time
FAC002192,on_time
FAC005041,+60
FAC005044,on_time
FAC004701,+60
FAC004435,on_time
FAC000815,+60
FAC003171,+90
FAC002380,+90
FAC001284,on_time
FAC005235,on_time
FAC003561,on_time
FAC002622,+60
FAC004585,on_time
FAC000438,on_time
FAC001683,on_time
FAC001178,on_time
FAC004298,on_time
FAC003275,+30
FAC004923,+30
FAC005265,on_time
FAC005102,on_time
FAC003765,+90
FAC002989,on_time
FAC001425,+60
FAC004114,+30
FAC000126,on_time
FAC001905,on_time
FAC002312,+30
FAC004633,on_time
FAC003317,+90
FAC005106,on_time
FAC001622,+30
FAC000840,+90
FAC002080,+30
FAC002027,on_time
FAC001486,on_time
FAC002285,+60
FAC000535,+90
FAC004690,on_time
FAC002478,+60
FAC002587,+30
FAC004949,on_time
FAC002993,+60
FAC003170,+30
FAC005094,on_time
FAC000299,+30
FAC002545,+60
FAC002317,on_time
FAC003917,+30
FAC001331,on_time
FAC003057,+60
FAC001451,+90
FAC002779,+60
FAC001465,+30
FAC001870,+60
FAC004147,+30
FAC000939,on_time
FAC001719,on_time
FAC001829,on_time
FAC003977,+30
FAC004050,on_time
FAC000780,on_time
FAC003518,on_time
FAC000239,+30
FAC004502,+90
FAC004802,on_time
FAC004549,+60
FAC001758,on_time
FAC001953,on_time
FAC003479,on_time
FAC000338,on_time
FAC005030,+60
FAC002252,on_time
FAC001172,+60
FAC001588,+30
FAC000869,+60
FAC003378,on_time
FAC001488,+30
FAC003335,on_time
FAC002386,+30
FAC000415,+60
FAC004443,+60
FAC000667,on_time
FAC003233,+90
FAC002467,+90
FAC000411,+60
FAC003150,+60
FAC000257,+90
FAC003901,on_time
FAC005135,+60
FAC004806,on_time
FAC001618,+90
FAC003411,+60
FAC002093,on_time
FAC002567,+30
FAC001999,+90
FAC002199,+60
FAC000545,+30
FAC001216,+60
FAC003181,on_time
FAC001668,+30
FAC001566,+30
FAC003017,+60
FAC002994,on_time
FAC002156,on_time
FAC004388,+60
FAC001282,on_time
FAC002849,on_time
FAC003180,+30
FAC004825,+30
FAC001123,+30
FAC001237,+60
FAC001043,+60
FAC003625,on_time
FAC004044,on_time
FAC003820,on_time
FAC002758,on_time
FAC005206,+60
FAC000203,+60
FAC004796,+60
FAC003274,on_time
FAC000726,+60
FAC000924,+30
FAC004826,+90
FAC003423,+60
FAC001149,on_time
FAC002139,on_time
FAC000442,+30
FAC004682,on_time
FAC005194,+90
FAC001117,on_time
FAC000552,+60
FAC000604,on_time
FAC000679,+30
FAC001995,on_time
FAC004377,on_time
FAC000582,+90
FAC004956,on_time
FAC004774,on_time
FAC004272,on_time
FAC000137,on_time
FAC002821,+90
FAC003464,on_time
FAC003023,+90
FAC004807,+30
FAC005163,+30
FAC003784,on_time
FAC003965,on_time
FAC002667,+60
FAC002470,on_time
FAC001327,+90
FAC002533,+60
FAC004857,on_time
FAC005287,on_time
FAC000998,+60
FAC003011,on_time
FAC002860,+30
FAC000339,+60
FAC001784,on_time
FAC003453,+60
FAC004088,on_time
FAC004689,on_time
FAC005146,+60
FAC005274,on_time
FAC002087,on_time
FAC002051,on_time
FAC004575,+90
FAC005155,+90
FAC003659,on_time
FAC003534,+60
FAC000255,+30
FAC004494,on_time
FAC004489,+90
FAC003314,+90
FAC000030,on_time
FAC004160,on_time
FAC001564,+60
FAC003224,+30
FAC002191,on_time
FAC000607,on_time
FAC000814,+60
FAC005312,+60
FAC003754,on_time
FAC004888,+30
FAC004216,+60
FAC003092,on_time
FAC001753,on_time
FAC003987,+30
FAC003587,on_time
FAC002979,+60
FAC005073,+60
FAC003062,+30
FAC003367,on_time
FAC005077,on_time
FAC003114,on_time
FAC002586,on_time
FAC005123,+30
FAC000666,+30
FAC001435,on_time
FAC004466,on_time
FAC003244,+30
FAC001696,+90
FAC001788,+30
FAC001186,on_time
FAC001135,on_time
FAC002568,+60
FAC000616,on_time
FAC002039,+60
FAC005093,+60
FAC001514,+60
FAC003741,on_time
FAC001202,+30
FAC004719,+60
FAC001715,+30
FAC004137,+90
FAC000553,+30
FAC005085,+60
FAC000306,+30
FAC001428,on_time
FAC005066,on_time
FAC000669,on_time
FAC000506,on_time
FAC001987,on_time
FAC000837,+90
FAC000580,+60
FAC001104,+30
FAC004333,+30
FAC005055,on_time
FAC005255,on_time
FAC002326,+30
FAC002316,+60
FAC000715,+30
FAC001860,+60
FAC003042,+30
FAC000533,on_time
FAC004694,on_time
FAC001845,+30
FAC002950,+60
FAC003287,on_time
FAC001267,on_time
FAC001918,+90
FAC004448,+60
FAC002936,on_time
FAC004824,+30
FAC002796,+30
FAC001584,+60
FAC001548,+90
FAC002661,+60
FAC000324,on_time
FAC003119,on_time
FAC005226,+30
FAC001510,+30
FAC001353,on_time
FAC003950,+30
FAC001639,+60
FAC000412,on_time
FAC002901,+60
FAC000721,on_time
FAC002755,+30
FAC004286,on_time
FAC004786,on_time
FAC003863,+90
FAC002575,on_time
FAC003199,+60
FAC002322,on_time
FAC003584,+90
FAC002948,on_time
FAC001728,on_time
FAC000803,on_time
FAC001647,on_time
FAC004369,on_time
FAC002999,on_time
FAC002107,on_time
FAC003554,+90
FAC002692,on_time
FAC000976,on_time
FAC004248,+60
FAC005244,on_time
FAC001800,on_time
FAC004045,+90
FAC002650,on_time
FAC001664,+30
FAC000056,on_time
FAC000201,+60
FAC002041,on_time
FAC004779,+60
FAC001128,+30
FAC000022,on_time
FAC003102,+30
FAC004484,+90
FAC003391,+90
FAC004020,+30
FAC002066,+60
FAC004214,+90
FAC004595,+30
FAC005025,on_time
FAC001395,on_time
FAC000157,on_time
FAC004649,on_time
FAC001507,+30
FAC005015,+90
FAC002446,on_time
FAC001732,on_time
FAC003988,+60
FAC002697,+60
FAC000856,+90
FAC000057,on_time
FAC001027,on_time
FAC004939,+60
FAC001586,+90
FAC000443,+30
FAC003891,+60
FAC005091,+60
FAC004611,on_time
FAC002143,+60
FAC003067,+30
FAC003380,on_time
FAC002515,on_time
FAC002848,+60
FAC000008,on_time
FAC001366,on_time
FAC002925,+30
FAC001205,on_time
FAC004450,on_time
FAC000873,+90
FAC001007,on_time
FAC004436,+30
FAC000536,+60
FAC001355,+30
FAC003357,+60
FAC002922,on_time
FAC004053,on_time
FAC003626,+30
FAC000198,+60
FAC003634,on_time
FAC002303,+90
FAC004877,+90
FAC001556,on_time
FAC001449,on_time
FAC004883,+90
FAC002584,+30
FAC003077,on_time
FAC001248,on_time
FAC001272,on_time
FAC003530,on_time
FAC000588,+30
FAC002294,+60
FAC002743,on_time
FAC004029,+90
FAC001842,+90
FAC005266,+60
FAC002792,on_time
FAC000429,on_time
FAC000597,+30
FAC001861,+30
FAC001057,+30
FAC001056,+60
FAC002491,on_time
FAC000204,+60
FAC001466,on_time
FAC000266,+30
FAC001886,+90
FAC002347,on_time
FAC002818,on_time
FAC001626,on_time
FAC002828,+90
FAC004058,on_time
FAC000419,on_time
FAC002428,+30
FAC003874,+60
FAC000952,+60
FAC002718,+60
FAC003364,+30
FAC000243,on_time
FAC004871,+30
FAC002261,+30
FAC003156,on_time
FAC004265,+60
FAC003898,+90
FAC003650,on_time
FAC002228,on_time
FAC004422,+60
FAC003404,on_time
FAC003563,+30
FAC004338,+90
FAC002560,+60
FAC001859,+90
FAC002757,on_time
FAC003434,on_time
FAC002324,on_time
FAC001340,+30
FAC001806,on_time
FAC002843,on_time
FAC002356,on_time
FAC003327,+90
FAC003225,+60
FAC002552,+60
FAC003355,+30
FAC004126,on_time
FAC000343,+60
FAC001103,+60
FAC001805,+30
FAC003326,+60
FAC000528,+60
FAC000996,on_time
FAC002127,on_time
FAC002735,+60
FAC000086,on_time
FAC004128,on_time
FAC000665,on_time
FAC004218,on_time
FAC005142,+60
FAC003010,on_time
FAC003911,+60
FAC003574,+30
FAC000426,+90
FAC001936,+90
FAC001978,+30
FAC000787,on_time
FAC004109,on_time
FAC001074,on_time
FAC003352,on_time
FAC000202,on_time
FAC001019,on_time
FAC001314,+30
FAC002065,+30
FAC005033,+90
FAC003756,on_time
FAC000620,on_time
FAC002177,on_time
FAC004646,+30
FAC002178,+60
FAC003690,on_time
FAC002006,on_time
FAC002105,+60
FAC000767,+60
FAC002409,on_time
FAC001417,on_time
FAC004382,+60
FAC002623,on_time
FAC001368,+60
FAC001110,on_time
FAC003192,+30
FAC000850,on_time
FAC002878,+60
FAC004223,on_time
FAC002014,on_time
FAC002405,+90
FAC000830,on_time
FAC004738,on_time
FAC004313,+30
FAC000224,+30
FAC001551,+60
FAC002609,on_time
FAC000774,on_time
FAC000084,on_time
FAC000353,on_time
FAC001670,+60
FAC001500,+90
FAC001943,+60
FAC000534,on_time
FAC003969,on_time
FAC002825,+30
FAC002049,+90
FAC001990,+30
FAC001464,+60
FAC004195,+30
FAC003798,on_time
FAC002350,on_time
FAC000603,on_time
FAC004071,on_time
FAC003759,on_time
FAC004600,+90
FAC003288,+90
FAC005221,+30
FAC000336,+60
FAC002258,+60
FAC002660,+60
FAC003802,+90
FAC001052,on_time
FAC003338,on_time
FAC001607,+60
FAC000593,on_time
FAC000853,on_time
FAC004704,+60
FAC000454,on_time
FAC002885,+60
FAC004667,on_time
FAC001390,on_time
FAC001529,on_time
FAC003060,+60
FAC003931,on_time
FAC003647,+90
FAC002853,+30
FAC002016,+90
FAC005052,on_time
FAC000096,+30
FAC002068,on_time
FAC004999,+60
FAC002767,+60
FAC004579,+60
FAC001831,+60
FAC000785,on_time
FAC000936,on_time
FAC004518,on_time
FAC005019,on_time
FAC000091,on_time
FAC002218,+60
FAC000480,+60
FAC003073,+60
FAC000611,+90
FAC003066,+90
FAC004237,+60
FAC001405,+90
FAC002251,+90
FAC004445,+60
FAC004993,+30
FAC000902,+60
FAC002867,+30
FAC003389,+90
FAC003552,+90
FAC002454,on_time
FAC003206,on_time
FAC001387,on_time
FAC001102,+90
FAC002448,on_time
FAC001093,on_time
FAC001572,on_time
FAC003689,+60
FAC002983,+30
FAC002976,+30
FAC003375,+30
FAC000761,+60
FAC000417,+90
FAC002769,+30
FAC004723,+30
FAC002329,+90
FAC002117,on_time
FAC004207,+30
FAC000430,on_time
FAC002725,on_time
FAC001750,on_time
FAC004922,+30
FAC004459,on_time
FAC000067,on_time
FAC002403,+60
FAC002889,+30
FAC003252,on_time
FAC005168,+30
FAC004917,+90
FAC000054,on_time
FAC000824,on_time
FAC005204,+60
FAC003018,on_time
FAC002911,+90
FAC003566,+30
FAC003112,+30
FAC003848,on_time
FAC004208,+60
FAC001008,on_time
FAC000743,on_time
FAC002512,+60
FAC002975,+90
FAC000304,on_time
FAC003376,on_time
FAC001055,+30
FAC005210,+30
FAC004230,+30
FAC004267,+30
FAC003569,+60
FAC002175,+30
FAC003001,+30
FAC000919,+30
FAC005285,+60
FAC003311,on_time
FAC000748,+90
FAC001592,on_time
FAC004290,+60
FAC003822,+60
FAC001633,on_time
FAC004278,on_time
FAC001482,on_time
FAC001292,on_time
FAC001874,+60
FAC004900,+90
FAC001836,+30
FAC003340,on_time
FAC004654,+60
FAC004005,+90
FAC004124,+90
FAC000961,on_time
FAC000387,+60
FAC003081,+30
FAC004141,on_time
FAC004902,+30
FAC002961,+30
FAC002605,on_time
FAC000690,+90
FAC005304,+90
FAC004022,+60
FAC000350,on_time
FAC005270,on_time
FAC004396,on_time
FAC002260,+60
FAC002076,+60
FAC005069,+90
FAC003537,+30
FAC001035,+30
FAC005043,+60
FAC000077,+60
FAC001951,+30
FAC002944,+30
FAC000802,on_time
FAC001902,+60
FAC004766,on_time
FAC001597,+60
FAC003819,+60
FAC000698,+60
FAC003489,+30
FAC002391,+30
FAC001879,on_time
FAC004263,+30
FAC000901,on_time
FAC004755,+30
FAC002932,+30
FAC001698,+60
FAC003565,on_time
FAC003087,+90
FAC002519,+90
FAC003509,+60
FAC000900,+60
FAC000627,on_time
FAC000887,+60
FAC001193,+30
FAC004062,on_time
FAC001416,+60
FAC000382,on_time
FAC004935,+30
FAC001928,+90
FAC000993,+60
FAC003166,on_time
FAC000028,on_time
FAC003722,+30
FAC005071,+90
FAC002516,+30
FAC004099,+90
FAC001000,+60
FAC001419,+30
FAC005128,+30
FAC000795,on_time
FAC002507,on_time
FAC002262,on_time
FAC004411,+90
FAC001230,+90
FAC003730,+90
FAC002435,+60
FAC002431,on_time
FAC003469,+60
FAC000059,on_time
FAC001811,on_time
FAC000904,on_time
FAC004094,on_time
FAC002677,+30
FAC000705,+60
FAC002221,on_time
FAC004722,+90
FAC000526,on_time
FAC004257,on_time
FAC002164,on_time
FAC001450,on_time
FAC001703,on_time
FAC001722,+60
FAC004744,on_time
FAC001338,+60
FAC002189,+30
FAC000127,+90
FAC002746,+60
FAC001164,on_time
FAC004942,+60
FAC001576,+60
FAC002231,+30
FAC001997,+90
FAC005188,+90
FAC004804,+30
FAC003640,on_time
FAC002978,+30
FAC002472,+90
FAC002681,+30
FAC002171,on_time
FAC004166,on_time
FAC000344,+90
FAC002610,on_time
FAC004465,+60
FAC002473,+30
FAC003851,+30
FAC005105,on_time
FAC000905,+30
FAC003631,+30
FAC004330,+60
FAC002203,+30
FAC000992,+60
FAC002072,on_time
FAC003239,+60
FAC000068,on_time
FAC003356,+30
FAC000745,+30
FAC004916,+90
FAC001694,on_time
FAC003909,on_time
FAC003254,on_time
FAC004300,+60
FAC001955,+30
FAC005153,+60
FAC001378,+30
FAC003967,+30
FAC004663,+60
FAC002778,on_time
FAC001295,on_time
FAC000023,on_time
FAC000194,on_time
FAC004283,on_time
FAC004474,+90
FAC005217,on_time
FAC002964,on_time
FAC002480,+30
FAC005101,+30
FAC001232,+30
FAC002965,on_time
FAC000842,on_time
FAC002905,on_time
FAC000476,+60
FAC000107,+30
FAC003550,on_time
FAC004833,+90
FAC001478,+30
FAC000772,on_time
FAC004904,on_time
FAC003708,+30
FAC000180,+90
FAC004347,+30
FAC001822,on_time
FAC004391,on_time
FAC000522,on_time
FAC003175,+60
FAC001631,on_time
FAC002118,on_time
FAC005057,+30
FAC004350,+30
FAC001593,+30
FAC002744,on_time
FAC003140,+90
FAC005166,on_time
FAC002604,on_time
FAC000496,on_time
FAC003145,+60
FAC000191,on_time
FAC002475,+60
FAC004187,+30
FAC002680,+30
FAC002923,+30
FAC000831,+90
FAC002804,+30
FAC000439,on_time
FAC002276,on_time
FAC001090,+30
FAC001754,+90
FAC004103,on_time
FAC000910,+90
FAC001944,+60
FAC004083,on_time
FAC002777,on_time
FAC002229,on_time
FAC002549,+30
FAC003393,+90
FAC001601,+90
FAC002282,+60
FAC001689,+60
FAC000882,+30
FAC003772,on_time
FAC004524,+90
FAC000600,on_time
FAC000212,+30
FAC004317,+30
FAC004184,+30
FAC004511,+60
FAC001120,+90
FAC005023,+30
FAC004085,+30
FAC005284,+30
FAC003573,+60
FAC000262,+60
FAC000448,on_time
FAC003012,on_time
FAC000435,+90
FAC000261,+90
FAC003379,+90
FAC000855,on_time
FAC002558,on_time
FAC001495,+90
FAC004729,+30
FAC001246,+30
FAC001371,+30
FAC001915,+90
FAC002457,on_time
FAC004865,+60
FAC002749,+30
FAC004395,+60
FAC003701,+60
FAC004264,+60
FAC002960,+60
FAC000285,+30
FAC003383,on_time
FAC005090,+30
FAC000230,on_time
FAC001873,+60
FAC001910,on_time
FAC000222,+30
FAC002021,on_time
FAC002861,on_time
FAC002773,on_time
FAC003204,+30
FAC005227,+60
FAC000720,on_time
FAC003827,+60
FAC001769,+90
FAC002125,+60
FAC001226,+30
FAC005138,+90
FAC004159,+60
FAC005126,on_time
FAC001440,+30
FAC002736,+90
FAC001241,+60
FAC002827,+30
FAC001181,+30
FAC000330,on_time
FAC002722,+30
FAC002416,+60
FAC001155,on_time
FAC000428,+30
FAC004198,on_time
FAC005167,+90
FAC000416,+90
FAC002182,+60
FAC000764,on_time
FAC001380,+90
FAC000031,+90
FAC004745,+90
FAC001133,+60
FAC001878,+60
FAC003310,on_time
FAC000399,on_time
FAC003176,+90
FAC005213,+30
FAC004367,+30
FAC001039,on_time
FAC002302,on_time
FAC004492,on_time
FAC001714,+30
FAC000195,+60
FAC003589,+60
FAC002069,on_time
FAC000231,+30
FAC003281,+60
FAC002698,+90
FAC001971,on_time
FAC000899,on_time
FAC003624,+60
FAC003282,on_time
FAC001620,+60
FAC002271,+90
FAC004753,+90
FAC005027,on_time
FAC000187,on_time
FAC001151,+60
FAC003353,+90
FAC000305,+30
FAC001318,on_time
FAC003474,+30
FAC001245,+30
FAC004768,+90
FAC004684,+30
FAC001429,on_time
FAC001848,on_time
FAC002844,+90
FAC003812,+90
FAC002453,+90
FAC004392,+60
FAC000034,on_time
FAC001297,on_time
FAC001311,on_time
FAC002298,+60
FAC005301,+90
FAC000687,+60
FAC001095,+30
FAC003795,+90
FAC004316,on_time
FAC003435,on_time
FAC003817,on_time
FAC000630,on_time
FAC004969,on_time
FAC002382,+30
FAC000530,+60
FAC004661,+90
FAC000015,on_time
FAC000316,on_time
FAC003465,+30
FAC003336,+30
FAC002180,+90
FAC004987,+90
FAC001382,on_time
FAC001089,on_time
FAC002017,+60
FAC003768,+30
FAC005211,on_time
FAC001047,+60
FAC000014,+90
FAC000877,on_time
FAC001146,+90
FAC002836,+30
FAC004420,+30
FAC000765,+90
FAC000139,+60
FAC000179,+30
FAC003458,+30
FAC001485,+30
FAC002536,+60
FAC000838,on_time
FAC001176,+60
FAC000185,+30
FAC001686,+30
FAC002137,+30
FAC004739,on_time
FAC000783,+90
FAC003111,on_time
FAC000301,+30
FAC003152,on_time
FAC001050,+30
FAC005239,on_time
FAC000155,+90
FAC004004,on_time
FAC002003,+30
FAC004662,+30
FAC004817,on_time
FAC000741,+60
FAC000816,+30
FAC000431,on_time
FAC001774,+60
FAC001261,on_time
FAC000880,+60
FAC002336,on_time
FAC003946,+60
FAC003628,+90
FAC003927,on_time
FAC002869,on_time
FAC001681,on_time
FAC001014,+60
FAC002269,+30
FAC004733,+90
FAC001790,+30
FAC001908,on_time
FAC001858,+90
FAC005199,on_time
FAC001175,+60
FAC001876,+60
FAC002949,on_time
FAC003082,on_time
FAC005321,on_time
FAC004404,+30
FAC001751,on_time
FAC003948,+60
FAC000943,+30
FAC000456,+30
FAC002332,+30
FAC003896,on_time
FAC000026,+90
FAC002075,on_time
FAC000995,on_time
FAC003905,+30
FAC000483,on_time
FAC005277,on_time
FAC003629,on_time
FAC002205,+30
FAC001921,+60
FAC003793,on_time
FAC002931,on_time
FAC002593,+90
FAC003055,on_time
FAC001638,+60
FAC003347,+60
FAC001345,+30
FAC004869,+60
FAC003672,+90
FAC002987,+60
FAC000161,+30
FAC004761,+90
FAC002327,on_time
FAC002207,+30
FAC001693,+60
FAC001959,on_time
FAC003323,+90
FAC002370,on_time
FAC000129,on_time
FAC003857,on_time
FAC002485,+30
FAC002822,+30
FAC000651,+90
FAC000641,on_time
FAC001188,on_time
FAC000359,on_time
FAC003409,on_time
FAC001745,+30
FAC001328,on_time
FAC004308,on_time
FAC004302,+60
FAC001675,+30
FAC004453,+60
FAC002376,on_time
FAC000874,+30
FAC000169,+90
FAC004674,on_time
FAC003101,on_time
FAC003646,on_time
FAC000724,+60
FAC000467,on_time
FAC003005,+30
FAC001615,+30
FAC000176,on_time
FAC004707,+30
FAC002671,+60
FAC000965,on_time
FAC003548,on_time
FAC003875,on_time
FAC003286,+30
FAC000608,+30
FAC001078,on_time
FAC005140,+30
FAC005328,on_time
FAC002407,on_time
FAC004125,on_time
FAC003653,on_time
FAC003923,on_time
FAC004652,+60
FAC004800,on_time
FAC004352,+90
FAC000610,+30
FAC000948,+60
FAC003567,+60
FAC001815,+90
FAC003876,on_time
FAC004304,+30
FAC001571,+30
FAC001404,on_time
FAC002858,+60
FAC003034,on_time
FAC002417,+60
FAC001516,+30
FAC003051,+90
FAC004174,+30
FAC001527,+60
FAC002523,+60
FAC001158,+60
FAC003641,+30
FAC004522,+60
FAC003700,on_time
FAC004108,+30
FAC003451,+30
FAC000800,+30
FAC004720,on_time
FAC001756,+60
FAC001515,on_time
FAC004771,on_time
FAC003760,on_time
FAC004469,+60
FAC003215,+90
FAC000163,on_time
FAC003593,on_time
FAC002025,+90
FAC004360,+30
FAC005145,on_time
FAC001535,on_time
FAC003419,+90
FAC001337,on_time
FAC003707,on_time
FAC001782,on_time
FAC003016,+30
FAC002146,+30
FAC003116,on_time
FAC004541,on_time
FAC002717,on_time
FAC003366,+60
FAC001982,+30
FAC000032,on_time
FAC005020,+90
FAC003683,on_time
FAC002342,+60
FAC002243,on_time
FAC002304,on_time
FAC004454,+60
FAC000118,+60
FAC002927,on_time
FAC003454,on_time
FAC003223,on_time
FAC000427,+30
FAC004036,+30
FAC004301,on_time
FAC002469,+60
FAC002894,on_time
FAC002077,on_time
FAC004250,on_time
FAC003037,+30
FAC001963,+30
FAC004636,on_time
FAC004759,+60
FAC001979,on_time
FAC005011,+90
FAC005305,+30
FAC000524,+30
FAC000079,+30
FAC003187,+90
FAC001636,on_time
FAC002910,on_time
FAC004434,+30
FAC004035,+30
FAC003475,+90
FAC003559,on_time
FAC001048,+30
FAC001550,+30
FAC001145,+90
FAC002451,on_time
FAC003270,on_time
FAC002857,+90
FAC002246,+90
FAC004918,+30
FAC005013,+60
FAC002361,+90
FAC003636,on_time
FAC001882,+60
FAC004253,on_time
FAC004348,+60
FAC001890,on_time
FAC003172,+60
FAC003718,+90
FAC003074,+60
FAC004098,+90
FAC003895,+90
FAC003220,+30
FAC004596,+30
FAC003078,+60
FAC004189,on_time
FAC001234,+30
FAC005112,+60
FAC002506,+30
FAC000997,+90
FAC002005,+60
FAC002873,+30
FAC003189,on_time
FAC002001,+60
FAC002377,on_time
FAC000397,+60
FAC004889,on_time
FAC005170,on_time
FAC001977,+60
FAC003780,+90
FAC003348,+30
FAC001641,on_time
FAC001546,+90
FAC003598,+30
FAC004164,on_time
FAC003989,+90
FAC002770,on_time
FAC003154,+30
FAC002158,+60
FAC002022,+60
FAC004065,+30
FAC002866,on_time
FAC002876,+30
FAC004405,on_time
FAC004513,+30
FAC003852,on_time
FAC002235,+90
FAC002198,+30
FAC001182,on_time
FAC004699,+90
FAC000637,+60
FAC004363,+30
FAC001210,on_time
FAC004048,+30
FAC000489,on_time
FAC000793,on_time
FAC000516,on_time
FAC000434,+60
FAC003506,+30
FAC000867,+90
FAC005165,on_time
FAC001738,on_time
FAC001170,on_time
FAC001625,on_time
FAC004064,+60
FAC001187,on_time
FAC000648,+60
FAC000777,+30
FAC004906,on_time
FAC005338,+30
FAC003472,+90
FAC004530,on_time
FAC002028,on_time
FAC002832,+30
FAC003808,+30
FAC004487,on_time
FAC004235,+60
FAC004323,+30
FAC004497,+30
FAC003368,on_time
FAC004156,+60
FAC003295,+30
FAC002070,+90
FAC004252,on_time
FAC001637,+90
FAC005224,+90
FAC001021,+60
FAC005247,+30
FAC003507,+90
FAC004503,+30
FAC003735,+30
FAC001974,+90
FAC000657,on_time
FAC003130,+60
FAC000548,+60
FAC001547,+30
FAC004220,+30
FAC004442,on_time
FAC002330,+30
FAC004542,on_time
FAC002896,on_time
FAC003617,on_time
FAC003249,+60
FAC000471,+90
FAC000362,+60
FAC000681,+90
FAC005297,+30
FAC001946,on_time
FAC003138,+60
FAC004616,+60
FAC002509,+90
FAC001298,on_time
FAC003539,+60
FAC004628,on_time
FAC000238,+30
FAC003843,+60
FAC003654,on_time
FAC000219,+90
FAC002819,+90
FAC002968,on_time
FAC001964,on_time
FAC000011,on_time
FAC003716,on_time
FAC000437,+30
FAC002665,+60
FAC001309,+60
FAC004520,+30
FAC004163,+30
FAC004271,on_time
FAC001227,+30
FAC004030,+90
FAC002239,on_time
FAC000070,+30
FAC004143,+30
FAC000959,on_time
FAC000969,+90
FAC000108,on_time
FAC001263,+60
FAC001956,on_time
FAC001933,on_time
FAC003879,+30
FAC003727,+90
FAC002938,+30
FAC004590,+30
FAC000858,on_time
FAC000625,+60
FAC005278,on_time
FAC001086,on_time
FAC000921,on_time
FAC005216,on_time
FAC000784,+60
FAC002383,+60
FAC000366,+60
FAC000293,+60
FAC003571,+30
FAC000085,+60
FAC001680,on_time
FAC000707,on_time
FAC001590,+30
FAC000117,+90
FAC003413,on_time
FAC004527,on_time
FAC001794,on_time
FAC000958,on_time
FAC001195,+60
FAC001231,+90
FAC003372,+90
FAC002571,+30
FAC002056,on_time
FAC003953,on_time
FAC000190,+30
FAC001723,on_time
FAC004991,+30
FAC004340,on_time
FAC002281,+60
FAC001462,on_time
FAC000249,on_time
FAC001422,on_time
FAC004780,+60
FAC005121,on_time
FAC000131,+90
FAC002018,+30
FAC005060,on_time
FAC005082,on_time
FAC000146,+30
FAC001706,+60
FAC003712,on_time
FAC001492,+90
FAC002098,on_time
FAC002702,on_time
FAC005190,+30
FAC005177,+90
FAC005049,+60
FAC003091,+30
FAC001004,+30
FAC003461,on_time
FAC005250,+90
FAC003771,+90
FAC002670,+60
FAC000672,on_time
FAC002272,on_time
FAC004597,+90
FAC001024,+60
FAC004691,on_time
FAC002439,on_time
