cliente_id,client_risk_score_0_100,rating_estrellas,rating_label,cluster,assigned_distance,margin_to_second_nearest,relative_margin,sector_dominante_modal,n_facturas_total,n_cortes_total,mora_promedio_hist_mean,mora_ultimo_tramo_mean,dias_mora_observable_mean,moras_consecutivas_mean,ratio_promesas_rotas_mean,friccion_contacto_mean,tasa_cumplimiento_mean,tasa_contacto_cliente_mean,tasa_cumpl_promesas_mean,tiene_disputa_activa_mean,esta_vencida_al_corte_mean,cluster_risk_score_0_100,cluster_risk_rank,rating_cluster_promedio,rating_cluster_label,tipo_cliente
CLI0135,91.05,1,1 estrella,0,5.657477452015352,4.683138020645338,0.45288774474082094,retail,29,199,53.47175879396985,47.04934673366834,29.4321608040201,0.0904522613065326,0.6499401770758555,0.3049932200685969,0.1206030150753768,0.4062894472361809,0.2883366834170854,0.1407035175879397,0.7336683417085427,47.78297142857143,2,3,3 estrellas,Clientes recurrentes de comportamiento general
CLI0166,90.65,1,1 estrella,2,8.495008475880548,10.036056878636172,0.54158013512105,construccion,23,127,34.57645669291339,32.31795275590552,27.88976377952756,0.8503937007874016,0.6344206974128234,0.2863517060367454,0.0708661417322834,0.3289220472440944,0.2947141732283465,0.2204724409448819,0.7480314960629921,70.56,1,2,2 estrellas,Clientes de alto riesgo operativo
CLI0117,90.39,1,1 estrella,0,5.266898326695987,4.378610889904655,0.4539533156392343,construccion,15,91,29.2643956043956,35.55703296703297,24.64835164835165,0.1648351648351648,0.8388278388278387,0.3053026338740624,0.0989010989010989,0.3273362637362637,0.1318681318681318,0.1538461538461538,0.7692307692307693,47.78297142857143,2,3,3 estrellas,Clientes recurrentes de comportamiento general
CLI0054,88.36,1,1 estrella,0,7.16027702425534,1.7247355908145874,0.19411740484073733,construccion,24,158,38.48088607594936,32.00392405063291,28.696202531645568,0.1962025316455696,0.6874522804902552,0.2874045609805103,0.0696202531645569,0.5370120253164556,0.2671613924050633,0.1518987341772152,0.740506329113924,47.78297142857143,2,3,3 estrellas,Clientes recurrentes de comportamiento general
CLI0051,87.97,1,1 estrella,0,6.136330138193489,6.683137985147707,0.5213272439111031,tecnologia,46,297,51.643232323232326,33.491616161616165,28.511784511784512,0.0134680134680134,0.6882827563932733,0.302181871626316,0.1560441077441077,0.4627599326599326,0.2101979797979798,0.1313131313131313,0.7609427609427609,47.78297142857143,2,3,3 estrellas,Clientes recurrentes de comportamiento general
CLI0155,87.8,1,1 estrella,0,6.297196733449091,5.8592303745342065,0.4819862219785258,transporte,31,209,51.05081339712919,51.58004784688995,27.80382775119617,0.0287081339712918,0.5091474229245126,0.3359744057112478,0.2822966507177033,0.3485794258373205,0.4114038277511961,0.1674641148325359,0.7511961722488039,47.78297142857143,2,3,3 estrellas,Clientes recurrentes de comportamiento general
CLI0002,87.78,1,1 estrella,0,6.427895314838926,6.089178800301454,0.48646982068565975,manufactura,32,224,48.11522321428571,48.69794642857143,32.370535714285715,0.0267857142857142,0.5615437080280831,0.2641776502267574,0.1607142857142857,0.4387464285714286,0.2668138392857143,0.1339285714285714,0.78125,47.78297142857143,2,3,3 estrellas,Clientes recurrentes de comportamiento general
CLI0047,86.46,1,1 estrella,2,5.902522064238952,6.381558935978366,0.5194982787776692,servicios,9,47,67.57,61.943617021276594,17.574468085106382,0.7659574468085106,0.648936170212766,0.3283687943262411,0.1489361702127659,0.3603276595744681,0.3191489361702128,0.1063829787234042,0.6170212765957447,70.56,1,2,2 estrellas,Clientes de alto riesgo operativo
CLI0141,85.83,1,1 estrella,0,5.320686891680793,3.8688752062727803,0.4210075697877205,construccion,23,148,28.24885135135135,25.81033783783784,26.9527027027027,0.1486486486486486,0.5343629343629344,0.3021155083655083,0.027027027027027,0.4375364864864864,0.4468554054054054,0.1621621621621621,0.7635135135135135,47.78297142857143,2,3,3 estrellas,Clientes recurrentes de comportamiento general
CLI0158,85.81,1,1 estrella,2,7.946428634597768,10.57549150429054,0.57097166087475,manufactura,18,109,51.05366972477064,50.68972477064221,27.495412844036696,0.944954128440367,0.2755351681957186,0.2764016309887869,0.1559633027522936,0.4434238532110091,0.7217137614678899,0.2018348623853211,0.7431192660550459,70.56,1,2,2 estrellas,Clientes de alto riesgo operativo
CLI0053,85.57,1,1 estrella,0,5.369359150761205,7.300971032214261,0.5762257910235233,manufactura,27,169,42.14443786982248,40.16757396449704,26.047337278106507,0.0,0.7270710059171598,0.3256128486897717,0.2426035502958579,0.4560325443786983,0.2426035502958579,0.2366863905325443,0.7455621301775148,47.78297142857143,2,3,3 estrellas,Clientes recurrentes de comportamiento general
CLI0034,85.27,1,1 estrella,0,6.255660636063512,7.0505170623088205,0.5298679472145685,transporte,46,295,38.40508474576272,37.431220338983046,28.26779661016949,0.0,0.6929321975011223,0.3381342480495023,0.223728813559322,0.355468813559322,0.2710437288135593,0.1389830508474576,0.7423728813559322,47.78297142857143,2,3,3 estrellas,Clientes recurrentes de comportamiento general
CLI0184,83.15,1,1 estrella,2,3.6169585204623544,9.246358513431806,0.7188160323708216,manufactura,18,98,25.13581632653061,32.48367346938775,20.448979591836736,0.6938775510204082,0.6054421768707483,0.3759353741496599,0.2628806122448979,0.3019295918367347,0.2857142857142857,0.0918367346938775,0.6938775510204082,70.56,1,2,2 estrellas,Clientes de alto riesgo operativo
CLI0151,83.01,1,1 estrella,0,5.65540184657835,4.148963465363188,0.4231751197917754,tecnologia,22,124,40.545967741935485,36.78241935483872,22.887096774193548,0.1370967741935483,0.3011136712749616,0.4297075012800819,0.0730290322580645,0.3082362903225806,0.6663895161290323,0.0887096774193548,0.7338709677419355,47.78297142857143,2,3,3 estrellas,Clientes recurrentes de comportamiento general
CLI0113,82.24,1,1 estrella,2,6.142142087709231,2.5644970268595015,0.29454500101748265,manufactura,18,116,36.69181034482759,36.26801724137931,30.370689655172413,0.3706896551724138,0.3936781609195402,0.2675766283524904,0.5179689655172414,0.4957112068965517,0.5833241379310344,0.2241379310344827,0.7586206896551724,70.56,1,2,2 estrellas,Clientes de alto riesgo operativo
CLI0068,82.07,1,1 estrella,2,5.654042845880218,1.7841627999841485,0.23986467770975664,manufactura,11,75,25.65813333333333,23.9904,27.36,0.4266666666666667,0.7266666666666667,0.2256613756613756,0.2,0.5458186666666667,0.2653333333333333,0.16,0.7733333333333333,70.56,1,2,2 estrellas,Clientes de alto riesgo operativo
CLI0183,81.71,1,1 estrella,0,4.977201302085719,7.358364438010868,0.5965161706440918,agro,19,119,46.22957983193277,39.16495798319328,24.865546218487395,0.0,0.4552457346574993,0.3562725090036014,0.2387529411764705,0.349090756302521,0.4445436974789916,0.1092436974789916,0.7226890756302521,47.78297142857143,2,3,3 estrellas,Clientes recurrentes de comportamiento general
CLI0012,81.64,1,1 estrella,0,4.322687416429251,7.892117033014681,0.6461107965894585,agro,17,104,35.99201923076923,40.39951923076923,23.346153846153847,0.0,0.5205128205128206,0.31875,0.0576923076923076,0.3386076923076923,0.4679442307692307,0.1442307692307692,0.6923076923076923,47.78297142857143,2,3,3 estrellas,Clientes recurrentes de comportamiento general
CLI0044,81.61,1,1 estrella,0,6.3445945828189725,7.016325767327945,0.5251379084264052,agro,45,281,38.18747330960854,29.302775800711743,27.18861209964413,0.0,0.5771388156395346,0.3234169349827712,0.2840953736654804,0.4010153024911032,0.3420110320284697,0.1708185053380783,0.7188612099644128,47.78297142857143,2,3,3 estrellas,Clientes recurrentes de comportamiento general
CLI0197,81.53,1,1 estrella,0,4.341200073519434,7.171661000341165,0.6229260436942193,transporte,32,152,39.81888157894737,28.43894736842105,21.519736842105264,0.0394736842105263,0.6691677109440267,0.3416979949874686,0.0986842105263157,0.4472342105263158,0.2838861842105263,0.0592105263157894,0.6907894736842105,47.78297142857143,2,3,3 estrellas,Clientes recurrentes de comportamiento general
CLI0179,81.31,1,1 estrella,2,4.555071802308661,8.81072199287689,0.6591993059215512,manufactura,11,71,30.75633802816901,34.41422535211267,28.253521126760564,0.7887323943661971,0.2253521126760563,0.3291974066621954,0.2676056338028169,0.3666535211267605,0.7746478873239436,0.1408450704225352,0.7323943661971831,70.56,1,2,2 estrellas,Clientes de alto riesgo operativo
CLI0070,81.1,1,1 estrella,0,4.991606865565384,6.238533682113298,0.5555169728844426,construccion,37,216,37.09185185185185,22.503379629629627,27.14351851851852,0.0555555555555555,0.5232440142162363,0.293694885361552,0.2714152777777778,0.4706574074074074,0.4628680555555555,0.1435185185185185,0.7314814814814815,47.78297142857143,2,3,3 estrellas,Clientes recurrentes de comportamiento general
CLI0105,80.79,1,1 estrella,0,6.100182339166234,7.170446321898244,0.540324539630595,retail,42,259,47.26710424710425,31.021969111969117,26.613899613899616,0.0,0.5907144911163911,0.3139808175522461,0.1883571428571428,0.5098567567567567,0.3217092664092664,0.1081081081081081,0.7451737451737451,47.78297142857143,2,3,3 estrellas,Clientes recurrentes de comportamiento general
CLI0077,80.29,1,1 estrella,0,4.24413129001458,6.846377963744161,0.617318628666562,retail,19,109,42.550275229357794,41.15770642201834,23.146788990825687,0.0642201834862385,0.5126256006989952,0.2283493519732052,0.1559633027522936,0.5099376146788991,0.4602385321100917,0.1376146788990825,0.7247706422018348,47.78297142857143,2,3,3 estrellas,Clientes recurrentes de comportamiento general
CLI0128,79.86,2,2 estrellas,0,4.534842788920052,7.186402884199291,0.613109142544471,construccion,32,176,31.021988636363638,28.54198863636364,24.505681818181817,0.0397727272727272,0.7067320936639119,0.2204274891774892,0.2648926136363636,0.5178772727272727,0.2656170454545454,0.2102272727272727,0.75,47.78297142857143,2,3,3 estrellas,Clientes recurrentes de comportamiento general
CLI0140,79.85,2,2 estrellas,0,4.482799009459453,6.832820043913617,0.60383970259911,construccion,23,127,35.049685039370075,31.018346456692917,18.65354330708661,0.0551181102362204,0.4112610923634545,0.3740907386576678,0.1102362204724409,0.3181283464566929,0.5657614173228346,0.0866141732283464,0.7086614173228346,47.78297142857143,2,3,3 estrellas,Clientes recurrentes de comportamiento general
CLI0186,79.04,2,2 estrellas,0,5.274722182113795,7.584452477850684,0.5898086524529432,salud,41,216,32.33162037037037,23.601342592592594,20.689814814814813,0.0092592592592592,0.6659894889061555,0.2803479570840682,0.0416666666666666,0.439011574074074,0.2986023148148148,0.1296296296296296,0.6805555555555556,47.78297142857143,2,3,3 estrellas,Clientes recurrentes de comportamiento general
CLI0013,78.61,2,2 estrellas,0,4.824243631914489,7.6561731192387485,0.6134549247749511,manufactura,37,215,28.77018604651163,21.256930232558137,28.288372093023256,0.013953488372093,0.5709471352800606,0.2946142488002953,0.2665218604651163,0.4143055813953488,0.3810809302325581,0.0697674418604651,0.7395348837209302,47.78297142857143,2,3,3 estrellas,Clientes recurrentes de comportamiento general
CLI0199,78.32,2,2 estrellas,0,4.902718363002612,7.528848038411742,0.6056234423970238,manufactura,21,124,40.74967741935484,40.88225806451613,29.86290322580645,0.0,0.4609062980030722,0.2204973118279569,0.1693548387096774,0.5358572580645162,0.4598870967741935,0.2661290322580645,0.7741935483870968,47.78297142857143,2,3,3 estrellas,Clientes recurrentes de comportamiento general
CLI0074,77.75,2,2 estrellas,0,3.6180179910531667,7.606773070418695,0.6776761392493349,transporte,23,127,25.70338582677165,33.843464566929136,20.10236220472441,0.0472440944881889,0.4480314960629921,0.2938413948256468,0.1734244094488189,0.3542850393700787,0.5204700787401575,0.1181102362204724,0.7086614173228346,47.78297142857143,2,3,3 estrellas,Clientes recurrentes de comportamiento general
CLI0075,77.41,2,2 estrellas,0,4.785436134056141,5.046349472333672,0.5132688683786981,transporte,35,194,36.81922680412372,36.6429381443299,21.164948453608247,0.1082474226804123,0.4833844706267386,0.2503150057273768,0.2862252577319588,0.5105896907216495,0.4736958762886598,0.1134020618556701,0.7216494845360825,47.78297142857143,2,3,3 estrellas,Clientes recurrentes de comportamiento general
CLI0092,76.48,2,2 estrellas,0,5.997827045267951,6.0702997336820586,0.5030026486190268,agro,13,90,57.029,45.34788888888889,28.73333333333333,0.0333333333333333,0.0907407407407407,0.2963668430335097,0.2888888888888888,0.39038,0.9000011111111111,0.0666666666666666,0.7777777777777778,47.78297142857143,2,3,3 estrellas,Clientes recurrentes de comportamiento general
CLI0192,76.44,2,2 estrellas,2,3.5876730137764556,8.386421713596745,0.7003804383161502,tecnologia,10,50,29.0778,28.6672,16.82,0.84,0.45,0.2829365079365079,0.26,0.394046,0.536656,0.1,0.66,70.56,1,2,2 estrellas,Clientes de alto riesgo operativo
CLI0198,76.4,2,2 estrellas,2,3.8633658758913274,10.398399515585671,0.7291102630113295,agro,17,81,18.677037037037035,20.92135802469136,23.765432098765437,0.8641975308641975,0.7784832451499119,0.2334705075445816,0.4603,0.5497987654320988,0.1943543209876543,0.1234567901234567,0.7037037037037037,70.56,1,2,2 estrellas,Clientes de alto riesgo operativo
CLI0036,76.11,2,2 estrellas,0,5.235105082816362,5.908023990291118,0.5301943423189255,agro,38,215,39.923534883720926,27.624046511627903,26.85581395348837,0.0651162790697674,0.3486833446990766,0.2454282022886674,0.1116279069767441,0.5276218604651163,0.6135646511627908,0.1116279069767441,0.6976744186046512,47.78297142857143,2,3,3 estrellas,Clientes recurrentes de comportamiento general
CLI0177,75.8,2,2 estrellas,0,3.6668111024300636,8.25775281523967,0.6924993544630501,transporte,28,146,43.735821917808224,35.98554794520548,23.815068493150687,0.0136986301369863,0.2815691158156911,0.2677701674277016,0.0958904109589041,0.4749979452054794,0.7003767123287671,0.1027397260273972,0.684931506849315,47.78297142857143,2,3,3 estrellas,Clientes recurrentes de comportamiento general
CLI0095,75.77,2,2 estrellas,0,5.155819131552818,7.747599043309753,0.6004299743151019,manufactura,46,248,35.143185483870965,27.723629032258064,26.00403225806452,0.0,0.6300169105559598,0.2446060547875063,0.1330645161290322,0.5374366935483871,0.304820564516129,0.1612903225806451,0.7056451612903226,47.78297142857143,2,3,3 estrellas,Clientes recurrentes de comportamiento general
CLI0063,75.37,2,2 estrellas,0,5.193173703422715,5.118433351174635,0.4963759115406382,manufactura,18,95,40.772,33.24578947368421,25.83157894736842,0.1263157894736842,0.1350877192982456,0.2455513784461153,0.3158715789473684,0.4786326315789473,0.8339157894736842,0.1789473684210526,0.7157894736842105,47.78297142857143,2,3,3 estrellas,Clientes recurrentes de comportamiento general
CLI0026,74.98,2,2 estrellas,2,4.335725948228068,7.575956846691855,0.6360106273080776,transporte,21,124,37.100725806451614,28.92153225806452,22.306451612903224,0.5564516129032258,0.8189865242284597,0.1856182795698924,0.2741935483870967,0.6741556451612902,0.1682338709677419,0.1290322580645161,0.7096774193548387,70.56,1,2,2 estrellas,Clientes de alto riesgo operativo
CLI0003,74.81,2,2 estrellas,0,5.072336088817975,7.699018455785362,0.6028349169147965,salud,38,202,34.01915841584158,24.170445544554457,20.97029702970297,0.0,0.5759471115178745,0.2728390696212478,0.1386138613861386,0.5097940594059406,0.3112881188118812,0.2376237623762376,0.693069306930693,47.78297142857143,2,3,3 estrellas,Clientes recurrentes de comportamiento general
CLI0010,74.69,2,2 estrellas,2,9.477041638887604,8.345914797876796,0.4682676988796996,tecnologia,36,178,21.6773595505618,27.900393258426963,19.674157303370787,0.6404494382022472,0.5172779155925223,0.2739700374531835,0.4937432584269663,0.4910668539325842,0.4505926966292135,0.1404494382022472,0.6741573033707865,70.56,1,2,2 estrellas,Clientes de alto riesgo operativo
CLI0138,74.53,2,2 estrellas,0,4.807780125994579,7.991898456078886,0.6243827456161207,servicios,43,231,41.08623376623377,34.597965367965365,23.939393939393938,0.0,0.3334070520502509,0.2942606335463478,0.1298701298701298,0.5149705627705627,0.6233748917748917,0.0952380952380952,0.7142857142857143,47.78297142857143,2,3,3 estrellas,Clientes recurrentes de comportamiento general
CLI0008,73.85,2,2 estrellas,0,6.762053610047952,0.5374146743204893,0.07362381113037292,servicios,24,133,37.06857142857143,36.1412030075188,23.30075187969925,0.2706766917293233,0.1872703737365391,0.2030433225921947,0.1426172932330827,0.5513571428571429,0.7884233082706766,0.1729323308270676,0.7293233082706767,47.78297142857143,2,3,3 estrellas,Clientes recurrentes de comportamiento general
CLI0193,73.52,2,2 estrellas,0,4.616342458996806,8.035653360413157,0.6351293088546015,transporte,31,174,26.16580459770115,35.600402298850575,23.53448275862069,0.0,0.281879136189481,0.3438514869549352,0.3442448275862069,0.3372235632183908,0.6410333333333333,0.1149425287356321,0.7126436781609196,47.78297142857143,2,3,3 estrellas,Clientes recurrentes de comportamiento general
CLI0108,73.49,2,2 estrellas,0,5.658121582164421,7.636780138805941,0.5744141851579292,salud,48,269,35.24423791821562,24.235910780669144,23.50557620817844,0.0,0.6816219106252113,0.2214477488641057,0.0892193308550185,0.5988565055762082,0.2194468401486989,0.1263940520446096,0.7174721189591078,47.78297142857143,2,3,3 estrellas,Clientes recurrentes de comportamiento general
CLI0076,72.97,2,2 estrellas,0,5.190278280658725,7.76724152315849,0.5994389081211593,construccion,43,241,46.21145228215768,30.154771784232366,25.8298755186722,0.0,0.5161591539930381,0.1935552921030099,0.1161825726141078,0.5210883817427386,0.4223302904564315,0.0912863070539419,0.7219917012448133,47.78297142857143,2,3,3 estrellas,Clientes recurrentes de comportamiento general
CLI0114,72.82,2,2 estrellas,0,5.362491574339902,2.8208667951806277,0.3447077187389393,transporte,21,102,30.287843137254903,28.102941176470587,20.705882352941178,0.2352941176470588,0.5365093512152336,0.2506535947712418,0.4096774509803921,0.6286205882352941,0.3808460784313725,0.1078431372549019,0.6862745098039216,47.78297142857143,2,3,3 estrellas,Clientes recurrentes de comportamiento general
CLI0119,72.69,2,2 estrellas,2,5.297384985936099,2.4848609444947485,0.3192986917540371,salud,20,96,20.581979166666667,22.86239583333333,21.041666666666668,0.4166666666666667,0.2079056649369149,0.2454861111111111,0.0625,0.4602270833333333,0.7797854166666666,0.1875,0.6979166666666666,70.56,1,2,2 estrellas,Clientes de alto riesgo operativo
CLI0187,72.66,2,2 estrellas,0,4.346646015868084,7.631826164122793,0.63712851267219,construccion,44,208,26.14139423076923,24.462451923076927,20.048076923076923,0.0288461538461538,0.4023668639053254,0.2841517857142857,0.2162653846153846,0.4891673076923076,0.5852586538461538,0.125,0.6634615384615384,47.78297142857143,2,3,3 estrellas,Clientes recurrentes de comportamiento general
CLI0160,71.28,2,2 estrellas,0,6.943420719467946,6.948650929914988,0.5001882444382323,manufactura,42,216,27.95351851851852,28.96949074074074,24.291666666666668,0.0,0.3968327454438565,0.254673721340388,0.2678504629629629,0.4852407407407407,0.5888791666666667,0.125,0.7129629629629629,47.78297142857143,2,3,3 estrellas,Clientes recurrentes de comportamiento general
CLI0127,70.88,2,2 estrellas,0,5.735972347648886,6.005780553423907,0.5114892643393292,salud,38,209,36.14688995215311,24.794593301435405,20.076555023923444,0.0574162679425837,0.3274603621352847,0.2785790233158654,0.2248803827751196,0.5147406698564593,0.6153129186602871,0.0430622009569378,0.6746411483253588,47.78297142857143,2,3,3 estrellas,Clientes recurrentes de comportamiento general
CLI0052,70.77,2,2 estrellas,2,4.04924595721805,9.680693420439727,0.7050791088118541,transporte,21,95,24.16936842105263,22.533263157894734,15.821052631578947,0.7578947368421053,0.5673684210526315,0.2347786131996658,0.4029431578947368,0.4944821052631579,0.3852631578947368,0.1157894736842105,0.6210526315789474,70.56,1,2,2 estrellas,Clientes de alto riesgo operativo
CLI0157,70.53,2,2 estrellas,0,4.474346336085026,7.9986604373012975,0.6412776472123829,tecnologia,32,198,43.76020202020202,29.669747474747474,26.151515151515152,0.0,0.2720975511416688,0.2637726471059804,0.2457878787878787,0.5366090909090909,0.7023287878787879,0.0808080808080808,0.7222222222222222,47.78297142857143,2,3,3 estrellas,Clientes recurrentes de comportamiento general
CLI0200,70.36,2,2 estrellas,0,4.989591608753939,7.87715657097786,0.612210362785079,construccion,38,224,35.651875000000004,37.16919642857143,25.303571428571427,0.0,0.4977298731992797,0.1862174036281179,0.2147401785714285,0.6843116071428571,0.4538375,0.1741071428571428,0.7366071428571429,47.78297142857143,2,3,3 estrellas,Clientes recurrentes de comportamiento general
CLI0071,70.27,2,2 estrellas,0,4.797335649332483,3.873166733180218,0.4467061494604859,transporte,11,62,24.07403225806452,30.161612903225805,27.40322580645161,0.2419354838709677,0.3422235023041474,0.2231182795698924,0.0967741935483871,0.60005,0.6335822580645162,0.064516129032258,0.6774193548387096,47.78297142857143,2,3,3 estrellas,Clientes recurrentes de comportamiento general
CLI0171,69.86,2,2 estrellas,0,5.050405175031115,7.171038501520877,0.5867587079977465,retail,47,238,33.00605042016807,27.57689075630252,19.642857142857142,0.0252100840336134,0.32971929716078,0.2627317593704148,0.1855147058823529,0.552601680672269,0.62549243697479,0.1050420168067226,0.6764705882352942,47.78297142857143,2,3,3 estrellas,Clientes recurrentes de comportamiento general
CLI0093,69.39,2,2 estrellas,0,5.100459037655138,7.366448478213293,0.5908801736787532,agro,11,54,24.75740740740741,19.19185185185185,19.296296296296298,0.0,0.6111111111111112,0.3236111111111111,0.2592592592592592,0.2865685185185185,0.3888888888888889,0.0185185185185185,0.6851851851851852,47.78297142857143,2,3,3 estrellas,Clientes recurrentes de comportamiento general
CLI0087,69.25,2,2 estrellas,0,3.9542403559223964,8.33494168041982,0.6782340481059921,manufactura,30,166,30.39126506024096,18.675421686746983,28.728915662650603,0.0,0.2831380466922635,0.2833142092178237,0.4231951807228916,0.5267921686746988,0.6908795180722892,0.1024096385542168,0.7590361445783133,47.78297142857143,2,3,3 estrellas,Clientes recurrentes de comportamiento general
CLI0081,68.45,2,2 estrellas,0,3.4021901050533074,7.728404907306226,0.6943388829370327,manufactura,23,120,25.93383333333333,33.66316666666667,19.85,0.0583333333333333,0.3600673400673401,0.2044444444444444,0.2558741666666667,0.5831441666666667,0.6159800000000001,0.1333333333333333,0.7,47.78297142857143,2,3,3 estrellas,Clientes recurrentes de comportamiento general
CLI0116,67.67,2,2 estrellas,0,4.391140493778416,8.294223932625844,0.6538419909609873,construccion,34,173,27.45624277456648,21.26959537572254,21.86705202312139,0.0,0.692251157641331,0.262732819524727,0.3010260115606936,0.6660398843930636,0.2805907514450867,0.0809248554913294,0.6994219653179191,47.78297142857143,2,3,3 estrellas,Clientes recurrentes de comportamiento general
CLI0046,67.45,2,2 estrellas,0,3.514827676619233,7.914513123758687,0.6924732810047092,manufactura,20,95,24.824315789473683,27.146105263157896,24.6,0.0526315789473684,0.2403508771929824,0.2461528822055138,0.5277000000000001,0.4739536842105263,0.7579031578947368,0.0947368421052631,0.6947368421052632,47.78297142857143,2,3,3 estrellas,Clientes recurrentes de comportamiento general
CLI0122,67.11,2,2 estrellas,0,3.0736565932758304,8.020971279871697,0.7229599200244434,agro,18,91,22.92483516483516,25.746923076923075,23.065934065934066,0.0659340659340659,0.3633699633699633,0.2610805860805861,0.4495923076923077,0.6017747252747253,0.6205021978021977,0.0659340659340659,0.6923076923076923,47.78297142857143,2,3,3 estrellas,Clientes recurrentes de comportamiento general
CLI0029,66.58,2,2 estrellas,2,4.007631110680442,5.846993693751254,0.593324840852573,salud,17,73,28.375479452054797,26.41178082191781,22.726027397260275,0.6164383561643836,0.3899543378995433,0.1915525114155251,0.3403369863013699,0.6027986301369863,0.5885876712328767,0.0684931506849315,0.6712328767123288,70.56,1,2,2 estrellas,Clientes de alto riesgo operativo
CLI0056,66.55,2,2 estrellas,1,7.991313930675077,35.39279283523635,0.8158008882424621,retail,5,30,26.55666666666667,26.55666666666667,25.566666666666663,0.5,0.0,0.6041666666666666,0.6666666666666666,0.3921666666666666,1.0,0.0333333333333333,0.7333333333333333,35.49666666666666,3,4,4 estrellas,Clientes atipicos de bajo volumen
CLI0004,66.12,2,2 estrellas,2,5.042159276124195,8.7535291274547,0.6345119483261051,construccion,10,46,22.17608695652174,28.13065217391304,16.195652173913043,1.0,0.0,0.2661490683229813,0.3667260869565217,0.4572695652173913,1.0,0.217391304347826,0.6739130434782609,70.56,1,2,2 estrellas,Clientes de alto riesgo operativo
CLI0181,63.56,2,2 estrellas,0,3.9933404440812335,6.710113478323658,0.6269110445066507,servicios,13,68,27.737352941176468,25.381911764705883,26.735294117647054,0.1029411764705882,0.303921568627451,0.1413515406162465,0.4583941176470588,0.6745720588235294,0.6764661764705882,0.1764705882352941,0.7205882352941176,47.78297142857143,2,3,3 estrellas,Clientes recurrentes de comportamiento general
CLI0025,63.28,2,2 estrellas,0,4.576008173484408,5.929010003715647,0.5643978814414513,construccion,9,34,13.196764705882352,15.021470588235294,26.94117647058824,0.1764705882352941,0.5,0.2009803921568627,0.85785,0.4392205882352941,0.5,0.1176470588235294,0.6176470588235294,47.78297142857143,2,3,3 estrellas,Clientes recurrentes de comportamiento general
CLI0121,63.25,2,2 estrellas,2,7.777998384813827,2.8766570554853796,0.2699906225596908,agro,9,48,35.097500000000004,29.203125,27.354166666666668,0.6041666666666666,0.0,0.1833581349206349,0.2708333333333333,0.5790604166666666,1.0,0.125,0.6875,70.56,1,2,2 estrellas,Clientes de alto riesgo operativo
CLI0039,63.22,2,2 estrellas,2,6.28774287552585,6.075862234843128,0.4914312759591042,manufactura,6,29,20.04310344827586,23.96551724137931,19.620689655172413,0.9310344827586208,0.4482758620689655,0.1867816091954022,0.6810275862068965,0.5800241379310345,0.5517241379310345,0.1379310344827586,0.6896551724137931,70.56,1,2,2 estrellas,Clientes de alto riesgo operativo
CLI0035,62.78,2,2 estrellas,2,11.453174241810629,5.20147339744625,0.31231362620880626,retail,4,20,14.4655,14.4655,20.05,1.05,0.0,0.4358333333333333,0.65,0.315,1.0,0.1,0.65,70.56,1,2,2 estrellas,Clientes de alto riesgo operativo
CLI0001,61.99,2,2 estrellas,0,3.4386239466276662,9.011017951288032,0.7237973610145882,agro,33,136,20.377352941176472,16.436176470588236,22.044117647058822,0.0,0.6500408496732026,0.1714110644257703,0.3723933823529411,0.5528242647058823,0.3063205882352941,0.125,0.6323529411764706,47.78297142857143,2,3,3 estrellas,Clientes recurrentes de comportamiento general
CLI0097,61.91,2,2 estrellas,0,3.6837748043708163,6.381301621021164,0.6340042888221434,agro,9,34,11.357058823529412,8.480882352941178,14.117647058823527,0.1764705882352941,0.5882352941176471,0.2254901960784313,0.4617529411764706,0.5463617647058824,0.3823529411764705,0.1470588235294117,0.5882352941176471,47.78297142857143,2,3,3 estrellas,Clientes recurrentes de comportamiento general
CLI0086,60.52,2,2 estrellas,0,3.611891970325716,8.994645626822463,0.7134905645192546,servicios,43,173,28.242485549132947,21.50953757225433,15.560693641618498,0.0,0.2876298075720041,0.2276218001651527,0.1114971098265896,0.5275630057803469,0.6612069364161849,0.0751445086705202,0.5895953757225434,47.78297142857143,2,3,3 estrellas,Clientes recurrentes de comportamiento general
CLI0065,59.98,3,3 estrellas,0,3.6493742825615563,8.722548709424649,0.7050277240712375,construccion,31,97,10.269278350515464,4.278556701030928,16.90721649484536,0.0206185567010309,0.8969072164948454,0.2539518900343642,0.637578350515464,0.5086443298969072,0.1030927835051546,0.0721649484536082,0.5360824742268041,47.78297142857143,2,3,3 estrellas,Clientes recurrentes de comportamiento general
CLI0094,59.13,3,3 estrellas,0,3.2979575302380986,8.989885129711565,0.731608092526503,servicios,23,84,14.954404761904764,15.699880952380951,15.571428571428571,0.0119047619047619,0.3534580498866213,0.2831349206349206,0.4685821428571429,0.6387892857142857,0.5995607142857143,0.1071428571428571,0.5833333333333334,47.78297142857143,2,3,3 estrellas,Clientes recurrentes de comportamiento general
CLI0089,58.81,3,3 estrellas,0,5.422753887319369,2.7966553522663338,0.3402501652791896,agro,9,49,20.31122448979592,22.38714285714286,22.10204081632653,0.3265306122448979,0.3265306122448979,0.1506802721088435,0.4540877551020408,0.683765306122449,0.673469387755102,0.1224489795918367,0.6326530612244898,47.78297142857143,2,3,3 estrellas,Clientes recurrentes de comportamiento general
CLI0028,58.48,3,3 estrellas,0,6.3219870519143635,1.3863291683134333,0.17984850759955776,construccion,12,40,17.2555,11.6415,11.625,0.425,0.2125,0.2529166666666667,0.395225,0.475005,0.7875,0.05,0.55,47.78297142857143,2,3,3 estrellas,Clientes recurrentes de comportamiento general
CLI0019,58.25,3,3 estrellas,0,2.9670850487411036,9.379034260625758,0.7596746820282216,construccion,24,95,18.287684210526315,14.939473684210526,18.84210526315789,0.0,0.4020676691729323,0.2050292397660818,0.55868,0.4801010526315789,0.5370789473684211,0.1052631578947368,0.6,47.78297142857143,2,3,3 estrellas,Clientes recurrentes de comportamiento general
CLI0048,57.99,3,3 estrellas,2,4.7470192605719985,9.007836345775313,0.654884108097693,servicios,29,101,19.414554455445547,12.801089108910892,12.336633663366335,0.7524752475247525,0.4158730158730158,0.1881188118811881,0.3403980198019802,0.6387930693069307,0.5723861386138613,0.0594059405940594,0.5643564356435643,70.56,1,2,2 estrellas,Clientes de alto riesgo operativo
CLI0162,57.43,3,3 estrellas,0,3.1805294278612632,8.904351218583605,0.7368174729307805,salud,30,127,18.64086614173228,19.484015748031496,19.811023622047244,0.0157480314960629,0.3461763739322794,0.1846456692913385,0.4232944881889764,0.6005818897637795,0.6139637795275591,0.0629921259842519,0.6456692913385826,47.78297142857143,2,3,3 estrellas,Clientes recurrentes de comportamiento general
CLI0136,57.14,3,3 estrellas,0,3.7761686631282374,8.816607841567908,0.7001321621391426,salud,38,151,19.724437086092717,13.079801324503311,16.966887417218544,0.0066225165562913,0.4811107344804267,0.1522705771050142,0.1881119205298013,0.7256629139072848,0.4186403973509934,0.1059602649006622,0.6423841059602649,47.78297142857143,2,3,3 estrellas,Clientes recurrentes de comportamiento general
CLI0040,56.79,3,3 estrellas,0,5.5782955573880075,7.527341324274166,0.5743590633742236,construccion,28,106,27.716886792452836,21.67103773584906,13.632075471698114,0.0,0.2126460017969452,0.1944968553459119,0.2217084905660377,0.5310820754716981,0.7815254716981133,0.1037735849056603,0.6320754716981132,47.78297142857143,2,3,3 estrellas,Clientes recurrentes de comportamiento general
CLI0009,56.44,3,3 estrellas,0,3.1191684315920716,9.04920415561515,0.7436659332020047,servicios,39,142,17.070845070422536,9.071690140845073,13.711267605633802,0.0140845070422535,0.49008524990516,0.211150234741784,0.5192415492957746,0.5247007042253521,0.4768091549295775,0.056338028169014,0.5915492957746479,47.78297142857143,2,3,3 estrellas,Clientes recurrentes de comportamiento general
CLI0115,55.77,3,3 estrellas,0,3.042733786066519,9.419083329984629,0.7558354646251871,transporte,36,153,16.899607843137254,23.063333333333333,17.431372549019606,0.0,0.2508403361344538,0.1818082788671024,0.5130333333333333,0.4909084967320261,0.7029183006535947,0.130718954248366,0.6470588235294118,47.78297142857143,2,3,3 estrellas,Clientes recurrentes de comportamiento general
CLI0037,55.31,3,3 estrellas,0,3.6118193406454435,8.2047362152251,0.6943424567702331,salud,46,168,15.221309523809524,10.80922619047619,15.833333333333334,0.0416666666666666,0.232468820861678,0.2294713718820861,0.3450249999999999,0.6284833333333333,0.7023910714285714,0.0892857142857142,0.6011904761904762,47.78297142857143,2,3,3 estrellas,Clientes recurrentes de comportamiento general
CLI0060,54.99,3,3 estrellas,0,3.176628225063423,9.254098962837933,0.7444535482883746,salud,34,140,26.99392857142857,18.392214285714285,20.357142857142858,0.0,0.1315093537414966,0.1792857142857143,0.3680728571428571,0.5893228571428571,0.859435,0.15,0.65,47.78297142857143,2,3,3 estrellas,Clientes recurrentes de comportamiento general
CLI0055,54.56,3,3 estrellas,0,2.9733613006196635,9.51115795705289,0.7618361396821637,retail,40,151,13.93774834437086,14.710397350993375,17.4635761589404,0.0,0.5608320303684542,0.2122043519394512,0.5787986754966887,0.5711,0.3850066225165563,0.0529801324503311,0.5827814569536424,47.78297142857143,2,3,3 estrellas,Clientes recurrentes de comportamiento general
CLI0082,54.18,3,3 estrellas,0,3.3478519439793835,9.171832380314934,0.7325929426604701,construccion,35,145,18.60737931034483,17.379862068965515,16.47586206896552,0.0,0.2022744688261929,0.2368965517241379,0.4352703448275862,0.5678868965517241,0.7839089655172413,0.0827586206896551,0.5862068965517241,47.78297142857143,2,3,3 estrellas,Clientes recurrentes de comportamiento general
CLI0018,54.1,3,3 estrellas,0,3.108466186315718,9.22782377116537,0.7480226067132402,tecnologia,45,155,16.296193548387095,12.463032258064516,14.335483870967742,0.0129032258064516,0.0377880184331797,0.263763440860215,0.4485206451612903,0.5216187096774193,0.9622103225806452,0.0903225806451612,0.5935483870967742,47.78297142857143,2,3,3 estrellas,Clientes recurrentes de comportamiento general
CLI0126,53.87,3,3 estrellas,0,3.9009951525490396,8.100378785386281,0.6749542866739343,construccion,46,166,19.35078313253012,18.062048192771087,16.349397590361445,0.036144578313253,0.3366339199156536,0.1700803212851405,0.2285475903614457,0.705739156626506,0.6256692771084337,0.0542168674698795,0.5783132530120482,47.78297142857143,2,3,3 estrellas,Clientes recurrentes de comportamiento general
CLI0163,53.87,3,3 estrellas,0,4.194578924004182,8.707803455584568,0.6748988829659937,retail,47,195,13.668820512820512,8.426820512820512,22.338461538461537,0.0,0.0771655829550566,0.2342205942205942,0.4976348717948717,0.4329205128205128,0.9186020512820512,0.0974358974358974,0.6256410256410256,47.78297142857143,2,3,3 estrellas,Clientes recurrentes de comportamiento general
CLI0185,53.51,3,3 estrellas,0,4.548510056395773,7.980622747920292,0.6369652930146218,manufactura,29,88,12.304204545454546,8.952272727272726,13.125,0.034090909090909,0.7859848484848485,0.1458333333333333,0.5949977272727273,0.5729272727272727,0.2079511363636363,0.1022727272727272,0.5,47.78297142857143,2,3,3 estrellas,Clientes recurrentes de comportamiento general
CLI0167,53.42,3,3 estrellas,0,3.8720017535419053,8.929247197057087,0.6975293763534903,salud,42,130,9.95676923076923,13.489384615384614,11.007692307692308,0.0,0.8509013209013209,0.2578205128205128,0.6861238461538461,0.5852961538461539,0.1280261538461538,0.0461538461538461,0.5076923076923077,47.78297142857143,2,3,3 estrellas,Clientes recurrentes de comportamiento general
CLI0178,53.4,3,3 estrellas,0,4.487109706216107,6.422149566295938,0.5886879581712542,retail,10,40,12.649,9.2995,16.1,0.15,0.675,0.1029166666666666,0.6083475,0.828305,0.325,0.125,0.6,47.78297142857143,2,3,3 estrellas,Clientes recurrentes de comportamiento general
CLI0137,53.23,3,3 estrellas,2,4.617463981544,10.060037877647407,0.6854053212977499,transporte,20,61,7.96688524590164,16.15704918032787,14.62295081967213,1.0163934426229508,0.1442622950819672,0.2423497267759563,0.590072131147541,0.6174983606557377,0.8120229508196721,0.0983606557377049,0.5573770491803278,70.56,1,2,2 estrellas,Clientes de alto riesgo operativo
CLI0066,52.39,3,3 estrellas,0,3.9016532354299076,8.84986013073926,0.694024299438738,salud,46,154,12.43064935064935,5.939675324675325,14.876623376623376,0.0064935064935064,0.4555141287284144,0.2233766233766233,0.5216181818181819,0.6006116883116883,0.5221597402597402,0.0389610389610389,0.5974025974025974,47.78297142857143,2,3,3 estrellas,Clientes recurrentes de comportamiento general
CLI0150,52.07,3,3 estrellas,2,5.212611310575248,4.921119012922734,0.48561771981554486,transporte,7,32,17.5059375,15.7178125,16.46875,0.78125,0.2838541666666667,0.1578125,0.74375,0.68925,0.5703125,0.03125,0.59375,70.56,1,2,2 estrellas,Clientes de alto riesgo operativo
CLI0049,51.72,3,3 estrellas,0,2.9402294109543536,8.248168470640751,0.7372072890086412,salud,27,75,15.583733333333331,8.426400000000001,10.56,0.08,0.2727936507936508,0.1956825396825396,0.6102506666666666,0.4781573333333334,0.6769933333333333,0.0933333333333333,0.4933333333333333,47.78297142857143,2,3,3 estrellas,Clientes recurrentes de comportamiento general
CLI0107,51.38,3,3 estrellas,0,2.404138874785304,9.167413013196834,0.7922371261816517,construccion,34,101,17.674554455445545,8.987029702970297,11.257425742574258,0.0495049504950495,0.1523691654879773,0.2336633663366336,0.6016366336633664,0.4745287128712871,0.8307990099009902,0.0594059405940594,0.504950495049505,47.78297142857143,2,3,3 estrellas,Clientes recurrentes de comportamiento general
CLI0144,50.9,3,3 estrellas,0,12.692941428589648,1.0882631412898718,0.0789672002742345,construccion,7,22,27.018181818181816,24.545454545454547,12.5,0.3636363636363636,0.0,0.1587121212121212,0.4939409090909091,0.5069,1.0,0.1363636363636363,0.4090909090909091,47.78297142857143,2,3,3 estrellas,Clientes recurrentes de comportamiento general
CLI0161,50.86,3,3 estrellas,0,3.370370354554831,9.013082235643848,0.7278327405054685,transporte,24,67,10.01089552238806,0.9998507462686568,14.26865671641791,0.0,0.5671641791044776,0.1925373134328358,0.7385029850746269,0.4938164179104478,0.4328358208955223,0.1492537313432835,0.5223880597014925,47.78297142857143,2,3,3 estrellas,Clientes recurrentes de comportamiento general
CLI0042,50.84,3,3 estrellas,0,3.2129882288396527,9.277587454114194,0.7427670020666473,retail,43,133,15.030977443609023,7.199398496240601,12.6390977443609,0.0,0.4504385964912281,0.1977443609022556,0.5630473684210526,0.6237293233082707,0.5337142857142857,0.1428571428571428,0.5263157894736842,47.78297142857143,2,3,3 estrellas,Clientes recurrentes de comportamiento general
CLI0088,50.56,3,3 estrellas,0,3.5175984872380512,9.200377222830607,0.7234152220896904,manufactura,41,161,17.20465838509317,18.518819875776398,14.583850931677018,0.0,0.1888659218628162,0.1917184265010352,0.4144422360248447,0.5906434782608695,0.800404347826087,0.1055900621118012,0.6149068322981367,47.78297142857143,2,3,3 estrellas,Clientes recurrentes de comportamiento general
CLI0148,50.18,3,3 estrellas,0,5.592601386075398,1.7418025787740126,0.23748386196365928,transporte,19,62,9.57741935483871,10.166935483870969,16.516129032258064,0.3709677419354839,0.1919354838709677,0.2083333333333333,0.5578854838709678,0.5674935483870969,0.8072709677419355,0.0161290322580645,0.5806451612903226,47.78297142857143,2,3,3 estrellas,Clientes recurrentes de comportamiento general
CLI0103,49.84,3,3 estrellas,0,4.905492941044929,8.070557568349681,0.6219579341577491,servicios,15,37,7.895675675675675,6.073243243243243,4.648648648648648,0.0,0.7108108108108109,0.3175675675675675,0.7145459459459459,0.3389081081081081,0.2891891891891892,0.0,0.3243243243243243,47.78297142857143,2,3,3 estrellas,Clientes recurrentes de comportamiento general
CLI0079,49.64,3,3 estrellas,0,3.83117735954331,6.908741411024132,0.6432768774711235,servicios,20,77,13.731818181818184,9.657142857142857,21.363636363636363,0.1168831168831168,0.1238095238095238,0.1725108225108225,0.5795064935064935,0.7707948051948051,0.8597402597402598,0.1298701298701298,0.5844155844155844,47.78297142857143,2,3,3 estrellas,Clientes recurrentes de comportamiento general
CLI0145,49.13,3,3 estrellas,0,3.842287517299062,7.8449797782158806,0.6712415811030896,construccion,17,66,11.847727272727273,18.64818181818182,20.484848484848484,0.0606060606060606,0.2601010101010101,0.1338383838383838,0.7807439393939394,0.6412121212121212,0.7399090909090908,0.0606060606060606,0.6515151515151515,47.78297142857143,2,3,3 estrellas,Clientes recurrentes de comportamiento general
CLI0062,48.78,3,3 estrellas,0,2.512464210123209,9.942567095828078,0.7982771661984744,transporte,34,118,12.133728813559324,5.203220338983051,15.38135593220339,0.0,0.6300780199085284,0.1817561205273069,0.6667983050847457,0.5410991525423728,0.3535762711864407,0.0762711864406779,0.5338983050847458,47.78297142857143,2,3,3 estrellas,Clientes recurrentes de comportamiento general
CLI0170,48.41,3,3 estrellas,0,2.7590722841783952,9.63076406184106,0.777311644228068,retail,38,98,6.839795918367346,4.490306122448979,7.959183673469388,0.0204081632653061,0.5408163265306123,0.2547619047619048,0.8167367346938775,0.5910183673469388,0.4217591836734694,0.1020408163265306,0.3673469387755102,47.78297142857143,2,3,3 estrellas,Clientes recurrentes de comportamiento general
CLI0130,47.88,3,3 estrellas,0,3.041049082078288,9.499134250978644,0.7574956440978149,manufactura,38,145,11.052,11.064758620689656,18.89655172413793,0.0,0.291633079564114,0.1613793103448275,0.461228275862069,0.5722248275862069,0.6739282758620689,0.0896551724137931,0.593103448275862,47.78297142857143,2,3,3 estrellas,Clientes recurrentes de comportamiento general
CLI0021,47.72,3,3 estrellas,0,4.479733627057303,8.296447366156919,0.6493683339773746,construccion,9,27,8.76962962962963,12.841111111111111,13.77777777777778,0.0,0.0925925925925925,0.2697530864197531,0.7896814814814815,0.4150259259259259,0.9074074074074074,0.074074074074074,0.5185185185185185,47.78297142857143,2,3,3 estrellas,Clientes recurrentes de comportamiento general
CLI0139,47.69,3,3 estrellas,0,3.0162182436030567,9.734845619755616,0.7634536007406856,tecnologia,39,102,9.457549019607844,5.87343137254902,7.382352941176471,0.0,0.772875816993464,0.2066993464052287,0.5892490196078431,0.6183558823529411,0.1176470588235294,0.0980392156862745,0.4117647058823529,47.78297142857143,2,3,3 estrellas,Clientes recurrentes de comportamiento general
CLI0142,47.66,3,3 estrellas,0,3.513152086183116,9.313024999815127,0.7260951519203438,construccion,42,135,12.506814814814817,13.020074074074074,11.851851851851851,0.0,0.2330409713743047,0.2268518518518518,0.5763496296296295,0.5847918518518519,0.7442103703703704,0.0888888888888888,0.5111111111111111,47.78297142857143,2,3,3 estrellas,Clientes recurrentes de comportamiento general
CLI0045,47.07,3,3 estrellas,0,2.583116362090057,9.933940156306814,0.793632284212064,manufactura,37,127,11.271732283464567,11.58496062992126,11.582677165354331,0.0,0.1290432445944256,0.2305774278215223,0.5222992125984252,0.4885417322834646,0.862088188976378,0.0708661417322834,0.5748031496062992,47.78297142857143,2,3,3 estrellas,Clientes recurrentes de comportamiento general
CLI0083,46.44,3,3 estrellas,0,2.940354445303178,8.775663316236551,0.7490312403796873,salud,35,90,9.787888888888888,6.413666666666667,7.811111111111111,0.0666666666666666,0.3148148148148148,0.1944444444444444,0.4914655555555555,0.7352222222222222,0.6718577777777778,0.1111111111111111,0.4333333333333333,47.78297142857143,2,3,3 estrellas,Clientes recurrentes de comportamiento general
CLI0132,46.44,3,3 estrellas,0,6.551590424864205,0.9957436923474177,0.13193316698099183,agro,18,45,3.505777777777777,10.072888888888889,15.577777777777778,0.4444444444444444,0.0,0.234074074074074,0.9240622222222222,0.4713,1.0,0.1555555555555555,0.3777777777777777,47.78297142857143,2,3,3 estrellas,Clientes recurrentes de comportamiento general
CLI0061,46.37,3,3 estrellas,0,3.1453808298116015,9.261711636146172,0.746485259262651,salud,26,86,14.355116279069769,14.004418604651162,12.418604651162791,0.0,0.1634022953790395,0.2007751937984496,0.6408709302325581,0.5311755813953488,0.8257627906976744,0.0581395348837209,0.5581395348837209,47.78297142857143,2,3,3 estrellas,Clientes recurrentes de comportamiento general
CLI0196,45.99,3,3 estrellas,0,3.733469720152808,8.964280644259496,0.7059739234899027,agro,43,143,12.412867132867133,12.07237762237762,10.86013986013986,0.0139860139860139,0.3607149260995415,0.1186480186480186,0.5698587412587413,0.7431622377622378,0.6201790209790209,0.1188811188811188,0.5454545454545454,47.78297142857143,2,3,3 estrellas,Clientes recurrentes de comportamiento general
CLI0195,45.28,3,3 estrellas,0,2.6146013647419166,9.890398252410801,0.7909155182095687,salud,34,109,14.181651376146789,13.02788990825688,11.46788990825688,0.0,0.1365886916345632,0.1952599388379204,0.4932972477064219,0.5742651376146789,0.857702752293578,0.0642201834862385,0.5688073394495413,47.78297142857143,2,3,3 estrellas,Clientes recurrentes de comportamiento general
CLI0024,44.85,3,3 estrellas,0,3.3074556680331497,9.489964963954527,0.7415529454610542,tecnologia,47,149,10.370335570469798,6.04255033557047,16.758389261744966,0.0,0.252713254307214,0.2026472781506338,0.7181395973154363,0.6250919463087248,0.736155033557047,0.1275167785234899,0.5167785234899329,47.78297142857143,2,3,3 estrellas,Clientes recurrentes de comportamiento general
CLI0064,44.01,3,3 estrellas,0,3.4433941314648333,7.873154997062606,0.695720480478937,tecnologia,22,78,8.254871794871795,10.208589743589744,17.012820512820515,0.0897435897435897,0.2358974358974359,0.1301282051282051,0.766148717948718,0.800675641025641,0.7346153846153846,0.1282051282051282,0.5512820512820513,47.78297142857143,2,3,3 estrellas,Clientes recurrentes de comportamiento general
CLI0131,43.56,3,3 estrellas,0,2.413778043646474,10.00075627873137,0.8055683780828159,salud,39,110,12.533636363636363,6.394181818181818,11.972727272727273,0.009090909090909,0.0471861471861471,0.2022077922077922,0.6821063636363637,0.52676,0.9515054545454544,0.1,0.4727272727272727,47.78297142857143,2,3,3 estrellas,Clientes recurrentes de comportamiento general
CLI0020,43.28,3,3 estrellas,0,2.0644772337492627,9.612171243067607,0.8231960790934032,manufactura,29,78,9.209358974358974,8.486666666666666,8.512820512820513,0.0512820512820512,0.235042735042735,0.1948717948717948,0.5961435897435897,0.5864115384615385,0.7649589743589744,0.0256410256410256,0.4615384615384615,47.78297142857143,2,3,3 estrellas,Clientes recurrentes de comportamiento general
CLI0102,42.47,3,3 estrellas,0,4.437648646473522,4.480146007656606,0.5023827281761529,manufactura,16,45,9.832222222222224,11.563777777777778,8.755555555555556,0.2888888888888888,0.0,0.2053968253968253,0.6865111111111111,0.5835266666666666,1.0,0.0666666666666666,0.5111111111111111,47.78297142857143,2,3,3 estrellas,Clientes recurrentes de comportamiento general
CLI0090,41.69,3,3 estrellas,0,3.233792786926525,9.080806597738958,0.7374017062257548,manufactura,23,78,16.801923076923078,8.756153846153847,17.474358974358974,0.0,0.1307692307692307,0.1625,0.6310846153846155,0.6695564102564102,0.8692307692307691,0.0769230769230769,0.5512820512820513,47.78297142857143,2,3,3 estrellas,Clientes recurrentes de comportamiento general
CLI0096,40.65,3,3 estrellas,0,3.723811049437297,8.891669092271341,0.704822090985992,construccion,15,39,11.35051282051282,8.496153846153847,14.512820512820513,0.0,0.0,0.1517094017094017,0.4813871794871795,0.3274025641025641,1.0,0.1282051282051282,0.4358974358974359,47.78297142857143,2,3,3 estrellas,Clientes recurrentes de comportamiento general
CLI0188,40.51,3,3 estrellas,0,2.9751720167642532,9.635466342943625,0.7640744320866266,construccion,21,58,7.247586206896551,4.028793103448276,9.379310344827584,0.0,0.4301724137931034,0.1873563218390804,0.5790344827586206,0.725646551724138,0.5554568965517241,0.0689655172413793,0.4655172413793103,47.78297142857143,2,3,3 estrellas,Clientes recurrentes de comportamiento general
CLI0154,40.25,3,3 estrellas,0,3.0315996293006147,9.442407271703804,0.7569666544711862,construccion,34,102,8.615490196078431,8.480392156862745,13.666666666666666,0.0098039215686274,0.1934290382819794,0.1816993464052287,0.6934196078431373,0.7118205882352941,0.7968186274509803,0.0392156862745098,0.5098039215686274,47.78297142857143,2,3,3 estrellas,Clientes recurrentes de comportamiento general
CLI0085,40.18,3,3 estrellas,0,2.630453095343794,9.974835760631205,0.7913214742320689,tecnologia,42,126,13.339603174603177,7.430555555555555,12.07936507936508,0.0,0.1302188552188552,0.1747291509196271,0.5546642857142857,0.6785706349206349,0.8522436507936508,0.0873015873015873,0.4444444444444444,47.78297142857143,2,3,3 estrellas,Clientes recurrentes de comportamiento general
CLI0143,39.59,4,4 estrellas,0,2.754116482978155,9.7566645094707,0.7798605471040968,manufactura,40,108,8.928796296296296,6.437777777777778,12.157407407407408,0.0,0.3220709074875741,0.1847222222222222,0.7738425925925926,0.6275666666666666,0.6620666666666666,0.074074074074074,0.4537037037037037,47.78297142857143,2,3,3 estrellas,Clientes recurrentes de comportamiento general
CLI0031,38.12,4,4 estrellas,0,3.784355522103916,8.916103889197274,0.7020300290289893,retail,19,41,6.015609756097561,2.488536585365854,5.926829268292683,0.0,0.3536585365853658,0.1609756097560975,0.6610951219512196,0.5046951219512195,0.6341463414634146,0.048780487804878,0.4146341463414634,47.78297142857143,2,3,3 estrellas,Clientes recurrentes de comportamiento general
CLI0120,37.9,4,4 estrellas,0,3.1685814781286,9.653808971096302,0.752886835674222,retail,45,112,9.942946428571428,7.055267857142857,8.758928571428571,0.0,0.0995535714285714,0.2470238095238095,0.7329625000000001,0.5957348214285715,0.8941964285714287,0.0535714285714285,0.3928571428571428,47.78297142857143,2,3,3 estrellas,Clientes recurrentes de comportamiento general
CLI0023,37.71,4,4 estrellas,0,3.0038381248392914,9.609931193307673,0.7618603885106905,retail,19,48,8.084583333333333,5.1883333333333335,7.354166666666667,0.0,0.2465277777777777,0.21875,0.6814874999999999,0.7132770833333333,0.7534645833333333,0.1041666666666666,0.4583333333333333,47.78297142857143,2,3,3 estrellas,Clientes recurrentes de comportamiento general
CLI0189,37.13,4,4 estrellas,0,4.035412495855964,7.346808754548552,0.6454635341311303,agro,19,53,9.822075471698112,4.4266037735849055,7.320754716981132,0.1132075471698113,0.0,0.210691823899371,0.7395113207547169,0.7124320754716981,1.0,0.0754716981132075,0.4339622641509434,47.78297142857143,2,3,3 estrellas,Clientes recurrentes de comportamiento general
CLI0191,36.08,4,4 estrellas,0,2.321653103447942,8.759368472350474,0.7904838387357205,tecnologia,31,74,12.42364864864865,8.554594594594594,8.554054054054054,0.0945945945945946,0.0,0.1394144144144144,0.6319851351351351,0.5690405405405405,1.0,0.0405405405405405,0.3513513513513513,47.78297142857143,2,3,3 estrellas,Clientes recurrentes de comportamiento general
CLI0007,35.48,4,4 estrellas,0,3.272219465846614,9.01000650093458,0.7335809099509536,agro,23,65,13.631384615384617,11.31230769230769,11.538461538461538,0.0307692307692307,0.0,0.092051282051282,0.6821661538461539,0.7719169230769231,1.0,0.1384615384615384,0.4,47.78297142857143,2,3,3 estrellas,Clientes recurrentes de comportamiento general
CLI0098,34.75,4,4 estrellas,0,2.829155199477287,9.796730103423918,0.7759242119182567,retail,23,62,11.31951612903226,5.50516129032258,7.516129032258065,0.0,0.3051075268817204,0.1182795698924731,0.6075983870967743,0.6569499999999999,0.6949112903225806,0.0161290322580645,0.4354838709677419,47.78297142857143,2,3,3 estrellas,Clientes recurrentes de comportamiento general
CLI0057,34.28,4,4 estrellas,0,5.027928606762063,8.414742595490594,0.6259725071666182,construccion,25,46,6.666739130434783,4.413043478260869,4.086956521739131,0.0,0.0,0.2217391304347826,0.767854347826087,0.4951847826086957,1.0,0.1521739130434782,0.2391304347826087,47.78297142857143,2,3,3 estrellas,Clientes recurrentes de comportamiento general
CLI0017,33.59,4,4 estrellas,0,6.817015868588321,6.669746784394352,0.494540235934181,manufactura,13,39,10.613076923076925,5.426923076923076,26.46153846153846,0.0,0.0,0.104090354090354,0.893248717948718,0.6716410256410256,1.0,0.1538461538461538,0.4615384615384615,47.78297142857143,2,3,3 estrellas,Clientes recurrentes de comportamiento general
CLI0173,33.52,4,4 estrellas,0,5.7913540561513095,4.521406720464682,0.4384283528341794,agro,8,20,3.6,6.0825,4.85,0.3,0.025,0.1666666666666666,0.8785700000000001,0.565265,0.975,0.0,0.35,47.78297142857143,2,3,3 estrellas,Clientes recurrentes de comportamiento general
CLI0134,32.14,4,4 estrellas,0,3.202553443678777,9.66352497672528,0.7510855025879594,agro,25,58,3.1162068965517244,0.753448275862069,9.258620689655173,0.0,0.2097701149425287,0.2313218390804597,0.8475499999999999,0.6670068965517241,0.7816172413793103,0.0172413793103448,0.3793103448275862,47.78297142857143,2,3,3 estrellas,Clientes recurrentes de comportamiento general
CLI0104,30.14,4,4 estrellas,0,5.765715836187774,6.3789538181460985,0.5252472071868785,tecnologia,6,12,2.645,1.945,2.583333333333333,0.1666666666666666,0.0,0.1666666666666666,0.8111166666666666,0.4722166666666667,1.0,0.0,0.3333333333333333,47.78297142857143,2,3,3 estrellas,Clientes recurrentes de comportamiento general
CLI0165,29.56,4,4 estrellas,0,3.5543365232069117,9.543535941912804,0.7286325292392115,salud,36,74,4.596351351351351,1.6667567567567567,5.054054054054054,0.0,0.0,0.1981981981981982,0.7368878378378378,0.4814148648648648,1.0,0.027027027027027,0.2837837837837837,47.78297142857143,2,3,3 estrellas,Clientes recurrentes de comportamiento general
CLI0164,29.47,4,4 estrellas,0,2.429676424119636,10.175753712873911,0.8072516052435855,tecnologia,32,83,8.40987951807229,3.2439759036144578,11.867469879518072,0.0,0.0897590361445783,0.1136546184738955,0.8140240963855421,0.6679746987951807,0.8967891566265059,0.0602409638554216,0.3975903614457831,47.78297142857143,2,3,3 estrellas,Clientes recurrentes de comportamiento general
CLI0112,29.42,4,4 estrellas,2,9.450143404538174,0.900791609143333,0.08702514390755017,construccion,5,13,4.896153846153846,5.588461538461539,6.615384615384615,0.6923076923076923,0.0,0.1025641025641025,0.7948846153846153,0.7509307692307693,1.0,0.0769230769230769,0.3846153846153846,70.56,1,2,2 estrellas,Clientes de alto riesgo operativo
CLI0175,29.04,4,4 estrellas,0,5.67394141991297,8.09141034412399,0.5878099218113279,salud,16,28,2.4492857142857143,1.6303571428571428,2.2857142857142856,0.0,0.9285714285714286,0.0833333333333333,0.8207892857142857,0.90475,0.0714285714285714,0.0357142857142857,0.2142857142857142,47.78297142857143,2,3,3 estrellas,Clientes recurrentes de comportamiento general
CLI0059,28.93,4,4 estrellas,0,3.722808265746318,8.827361169475829,0.703365895977609,transporte,24,47,4.247446808510638,1.6459574468085103,2.5319148936170213,0.0425531914893617,0.1808510638297872,0.1666666666666666,0.9005531914893617,0.5982340425531915,0.8191489361702128,0.0212765957446808,0.2127659574468085,47.78297142857143,2,3,3 estrellas,Clientes recurrentes de comportamiento general
CLI0146,28.86,4,4 estrellas,0,6.776395410358209,6.97689443814045,0.5072891297279003,retail,14,31,8.199032258064516,7.209354838709678,4.806451612903226,0.0,0.0,0.1693548387096774,0.7756903225806451,0.5373741935483871,1.0,0.032258064516129,0.3225806451612903,47.78297142857143,2,3,3 estrellas,Clientes recurrentes de comportamiento general
CLI0180,28.34,4,4 estrellas,0,4.916013094216869,8.382291762548011,0.6303278389864794,construccion,11,23,8.583043478260869,9.477391304347826,12.782608695652174,0.0,0.0,0.1630434782608695,0.9212565217391304,0.6628869565217391,1.0,0.0,0.3478260869565217,47.78297142857143,2,3,3 estrellas,Clientes recurrentes de comportamiento general
CLI0006,28.19,4,4 estrellas,0,2.867826163094618,10.019417298601386,0.7774678369646318,salud,42,98,3.466632653061225,1.754795918367347,8.795918367346939,0.0,0.036734693877551,0.157312925170068,0.8786244897959183,0.6037908163265306,0.963265306122449,0.0816326530612244,0.4081632653061224,47.78297142857143,2,3,3 estrellas,Clientes recurrentes de comportamiento general
CLI0078,28.13,4,4 estrellas,0,3.3230374436783094,9.705396787031162,0.7449396155490781,transporte,45,99,1.5132323232323233,5.722828282828282,9.464646464646464,0.0,0.0137085137085137,0.1449494949494949,0.9533131313131312,0.5095333333333334,0.9848454545454546,0.0808080808080808,0.2929292929292929,47.78297142857143,2,3,3 estrellas,Clientes recurrentes de comportamiento general
CLI0022,27.89,4,4 estrellas,0,4.705220997448414,8.354194242581563,0.6397066092955006,agro,14,29,7.093103448275862,3.941724137931034,7.344827586206897,0.0,0.0,0.1867816091954022,0.8609137931034483,0.4634827586206896,1.0,0.0,0.3103448275862069,47.78297142857143,2,3,3 estrellas,Clientes recurrentes de comportamiento general
CLI0190,27.8,4,4 estrellas,0,3.7898925737870304,9.400672898387729,0.7126815691274392,retail,35,72,2.7558333333333334,2.517638888888889,8.347222222222221,0.0,0.0347222222222222,0.2280092592592592,0.9632777777777776,0.5613402777777777,0.9652777777777778,0.0277777777777777,0.2083333333333333,47.78297142857143,2,3,3 estrellas,Clientes recurrentes de comportamiento general
CLI0043,27.45,4,4 estrellas,0,3.960225980965419,8.670417365486234,0.6864588863497622,manufactura,22,48,3.94375,2.2641666666666667,7.479166666666667,0.0416666666666666,0.0,0.1319444444444444,0.86400625,0.4861625,1.0,0.0,0.2708333333333333,47.78297142857143,2,3,3 estrellas,Clientes recurrentes de comportamiento general
CLI0100,27.3,4,4 estrellas,0,3.7089027810388444,9.396771346222476,0.7170002286777528,servicios,29,57,6.125964912280702,7.151929824561403,4.368421052631579,0.0,0.0,0.1096491228070175,0.6365894736842106,0.4994228070175438,1.0,0.0526315789473684,0.2631578947368421,47.78297142857143,2,3,3 estrellas,Clientes recurrentes de comportamiento general
CLI0027,27.2,4,4 estrellas,0,3.846513798015021,8.989906619846714,0.700343735028915,transporte,21,39,3.08948717948718,3.93051282051282,2.5128205128205128,0.0256410256410256,0.1538461538461538,0.1538461538461538,0.8564307692307693,0.6397846153846154,0.8461538461538461,0.0256410256410256,0.2051282051282051,47.78297142857143,2,3,3 estrellas,Clientes recurrentes de comportamiento general
CLI0073,26.45,4,4 estrellas,0,3.4829585824763596,9.087458537466429,0.7229241838800483,salud,48,115,4.218173913043478,3.3249565217391304,6.008695652173913,0.0347826086956521,0.0,0.1378260869565217,0.8239304347826086,0.7653739130434782,1.0,0.0695652173913043,0.2956521739130435,47.78297142857143,2,3,3 estrellas,Clientes recurrentes de comportamiento general
CLI0182,25.61,4,4 estrellas,0,3.5350629870569774,9.666340304113053,0.7322206655544368,manufactura,41,82,3.384268292682927,2.004268292682927,6.963414634146342,0.0,0.2601626016260162,0.1229674796747967,0.8804792682926829,0.7850719512195122,0.7296865853658536,0.048780487804878,0.2926829268292683,47.78297142857143,2,3,3 estrellas,Clientes recurrentes de comportamiento general
CLI0058,25.49,4,4 estrellas,0,3.874580880853869,9.527149354570554,0.7108895036095938,construccion,46,83,1.829879518072289,1.3734939759036144,2.0240963855421685,0.0,0.1626506024096385,0.1736947791164658,0.8342614457831325,0.5313626506024096,0.8373530120481927,0.0,0.216867469879518,47.78297142857143,2,3,3 estrellas,Clientes recurrentes de comportamiento general
CLI0129,25.15,4,4 estrellas,0,3.9669939972472474,8.935069103852898,0.6925302592180792,tecnologia,21,41,3.0480487804878047,3.0334146341463417,3.5609756097560976,0.024390243902439,0.0,0.1565040650406504,0.8824024390243902,0.5816829268292683,1.0,0.024390243902439,0.2195121951219512,47.78297142857143,2,3,3 estrellas,Clientes recurrentes de comportamiento general
CLI0110,24.55,4,4 estrellas,0,5.826498979250431,8.419534169085217,0.5910090255594319,servicios,44,71,0.2815492957746479,0.924788732394366,0.7183098591549296,0.0,0.0774647887323943,0.2417840375586854,0.9708281690140844,0.5261197183098592,0.9225352112676056,0.056338028169014,0.0845070422535211,47.78297142857143,2,3,3 estrellas,Clientes recurrentes de comportamiento general
CLI0123,23.99,4,4 estrellas,0,4.175733450930872,8.425833439652976,0.6686337907668397,salud,18,38,3.4578947368421056,2.5873684210526315,7.552631578947368,0.0526315789473684,0.0,0.093859649122807,0.8984157894736843,0.7923184210526316,1.0,0.0526315789473684,0.3684210526315789,47.78297142857143,2,3,3 estrellas,Clientes recurrentes de comportamiento general
CLI0111,23.66,4,4 estrellas,0,5.21657975048543,6.600898156132491,0.558570805741546,tecnologia,11,25,3.642,1.6807999999999998,1.84,0.16,0.0,0.1,0.79896,0.751024,1.0,0.08,0.24,47.78297142857143,2,3,3 estrellas,Clientes recurrentes de comportamiento general
CLI0015,23.27,4,4 estrellas,0,3.6986859644552026,9.530933716496232,0.7204238629942834,manufactura,41,82,1.72390243902439,1.9351219512195124,4.353658536585366,0.0,0.0,0.1707317073170731,0.9158231707317072,0.5276451219512195,1.0,0.048780487804878,0.2560975609756097,47.78297142857143,2,3,3 estrellas,Clientes recurrentes de comportamiento general
CLI0176,23.04,4,4 estrellas,0,6.180986808391003,7.829243309948183,0.5588233200894979,salud,30,62,5.414516129032258,2.8108064516129034,6.725806451612903,0.0,0.0,0.1387096774193548,0.8550016129032258,0.669058064516129,1.0,0.032258064516129,0.3225806451612903,47.78297142857143,2,3,3 estrellas,Clientes recurrentes de comportamiento general
CLI0014,22.58,4,4 estrellas,0,3.620112530725834,9.302791643743728,0.7198685000019025,agro,20,39,1.9079487179487176,4.28923076923077,11.025641025641026,0.0,0.0598290598290598,0.1324786324786324,0.8928179487179486,0.8062128205128205,0.9401743589743592,0.0256410256410256,0.2564102564102564,47.78297142857143,2,3,3 estrellas,Clientes recurrentes de comportamiento general
CLI0118,22.48,4,4 estrellas,0,4.439564078585455,9.014843313543492,0.6700290136016935,manufactura,36,60,0.6448333333333333,1.5336666666666663,3.316666666666667,0.0,0.0,0.1861111111111111,0.965425,0.4028599999999999,1.0,0.0333333333333333,0.1333333333333333,47.78297142857143,2,3,3 estrellas,Clientes recurrentes de comportamiento general
CLI0101,22.37,4,4 estrellas,0,4.536495952757966,8.390372241615772,0.6490645773945137,transporte,22,39,1.2125641025641023,1.854102564102564,1.3333333333333333,0.0512820512820512,0.0,0.082051282051282,0.9608461538461538,0.5011846153846153,1.0,0.1025641025641025,0.1025641025641025,47.78297142857143,2,3,3 estrellas,Clientes recurrentes de comportamiento general
CLI0168,22.37,4,4 estrellas,0,4.081399812289464,9.233641437019134,0.6934744897991663,tecnologia,40,75,1.7924,2.9160000000000004,2.546666666666667,0.0,0.1262222222222222,0.1555555555555555,0.9050786666666666,0.5966480000000001,0.8737866666666667,0.0,0.2,47.78297142857143,2,3,3 estrellas,Clientes recurrentes de comportamiento general
CLI0030,21.25,4,4 estrellas,0,5.361010346788622,8.109854133185497,0.6020292272438538,servicios,21,36,0.2738888888888888,0.8888888888888888,2.75,0.0277777777777777,0.0,0.1342592592592592,0.9451444444444445,0.4942805555555555,1.0,0.0,0.1944444444444444,47.78297142857143,2,3,3 estrellas,Clientes recurrentes de comportamiento general
CLI0080,20.69,4,4 estrellas,0,4.186295038928152,9.252731868657612,0.6884971607159173,manufactura,33,60,1.4183333333333332,0.7166666666666667,2.5,0.0,0.0,0.1527777777777777,0.9425233333333334,0.4553583333333333,1.0,0.05,0.1666666666666666,47.78297142857143,2,3,3 estrellas,Clientes recurrentes de comportamiento general
CLI0124,20.03,4,4 estrellas,1,4.487537074296585,38.80448483376163,0.8963426313553332,tecnologia,5,10,0.0,0.0,0.2,0.0,0.3,0.2,1.0,0.9,0.7,0.0,0.1,35.49666666666666,3,4,4 estrellas,Clientes atipicos de bajo volumen
CLI0005,19.91,5,5 estrellas,0,4.010937596646724,9.398377012336837,0.7008842201405582,retail,47,90,2.121,0.1777777777777777,6.877777777777778,0.0,0.0,0.1535185185185185,0.9477977777777776,0.5654144444444444,1.0,0.0555555555555555,0.2,47.78297142857143,2,3,3 estrellas,Clientes recurrentes de comportamiento general
CLI0194,19.91,5,5 estrellas,1,4.119912779674122,39.15965064201158,0.9048069699887547,tecnologia,6,11,0.9454545454545454,1.5763636363636364,0.6363636363636364,0.0,0.0,0.2727272727272727,0.9636363636363636,0.7272727272727273,1.0,0.0,0.1818181818181818,35.49666666666666,3,4,4 estrellas,Clientes atipicos de bajo volumen
CLI0084,19.34,5,5 estrellas,0,4.851319384758855,8.704272951428408,0.6421167541452217,agro,27,44,1.1327272727272728,1.5824999999999998,1.9318181818181817,0.0,0.0,0.2045454545454545,0.9291340909090908,0.7835227272727273,1.0,0.0681818181818181,0.1363636363636363,47.78297142857143,2,3,3 estrellas,Clientes recurrentes de comportamiento general
CLI0153,18.92,5,5 estrellas,0,5.243654883670351,8.60434007968136,0.6213419417361487,transporte,23,36,2.8397222222222225,1.7880555555555555,0.6666666666666666,0.0,0.0,0.1666666666666666,0.8380527777777779,0.5732472222222222,1.0,0.0,0.0833333333333333,47.78297142857143,2,3,3 estrellas,Clientes recurrentes de comportamiento general
CLI0156,18.87,5,5 estrellas,0,4.993097768030066,8.695890013294608,0.635247116310386,manufactura,20,33,3.240909090909091,1.9090909090909087,0.4848484848484848,0.0,0.0,0.1212121212121212,0.8456575757575758,0.5199212121212121,1.0,0.0303030303030303,0.0606060606060606,47.78297142857143,2,3,3 estrellas,Clientes recurrentes de comportamiento general
CLI0069,18.78,5,5 estrellas,0,5.251740390431958,8.6638394104896,0.6225999587825898,retail,40,77,2.8466233766233766,1.0775324675324676,2.779220779220779,0.0,0.0623376623376623,0.1006493506493506,0.8673064935064936,0.8462844155844156,0.9290090909090908,0.0259740259740259,0.2467532467532467,47.78297142857143,2,3,3 estrellas,Clientes recurrentes de comportamiento general
CLI0032,18.55,5,5 estrellas,0,4.2959818528537985,9.320107933320514,0.6844922499544687,servicios,41,71,1.186056338028169,0.2253521126760563,2.112676056338028,0.0,0.1948356807511737,0.1138497652582159,0.905912676056338,0.8037802816901408,0.7805239436619719,0.0422535211267605,0.1690140845070422,47.78297142857143,2,3,3 estrellas,Clientes recurrentes de comportamiento general
CLI0050,18.05,5,5 estrellas,0,4.041137096011684,9.11745369141834,0.6928898267835754,construccion,27,55,0.0,0.0,13.61818181818182,0.0,0.0,0.1086868686868686,1.0,0.5340436363636364,1.0,0.0363636363636363,0.2727272727272727,47.78297142857143,2,3,3 estrellas,Clientes recurrentes de comportamiento general
CLI0099,18.0,5,5 estrellas,0,4.775528704660969,8.934629146125333,0.6516795242888408,agro,30,51,2.966666666666667,2.502941176470588,1.2352941176470589,0.0,0.0,0.1143790849673202,0.7504294117647059,0.6852960784313725,1.0,0.0392156862745098,0.1176470588235294,47.78297142857143,2,3,3 estrellas,Clientes recurrentes de comportamiento general
CLI0169,17.53,5,5 estrellas,0,4.078224247702256,9.293533562553112,0.6950121064431415,transporte,42,79,2.496708860759494,1.228860759493671,5.6835443037974684,0.0,0.0,0.1118143459915611,0.8772898734177215,0.6448822784810126,1.0,0.0126582278481012,0.2151898734177215,47.78297142857143,2,3,3 estrellas,Clientes recurrentes de comportamiento general
CLI0072,17.43,5,5 estrellas,0,4.502958586262972,8.987254066354033,0.6662055149005061,retail,27,52,1.7630769230769232,0.4805769230769231,1.6730769230769231,0.0,0.0,0.1987179487179487,0.928126923076923,0.6825826923076923,1.0,0.0,0.173076923076923,47.78297142857143,2,3,3 estrellas,Clientes recurrentes de comportamiento general
CLI0159,17.08,5,5 estrellas,0,8.806753812664338,6.918049096708051,0.4399450432911127,salud,14,21,0.0,0.0,0.0,0.0,0.0,0.1904761904761904,1.0,0.3283333333333333,1.0,0.0,0.0,47.78297142857143,2,3,3 estrellas,Clientes recurrentes de comportamiento general
CLI0041,16.81,5,5 estrellas,0,4.2215833078517315,9.188254738892535,0.6851875993478775,servicios,25,47,0.177659574468085,0.0,4.829787234042553,0.0,0.0,0.1413373860182371,0.9410787234042552,0.5429,1.0,0.0425531914893617,0.1702127659574468,47.78297142857143,2,3,3 estrellas,Clientes recurrentes de comportamiento general
CLI0067,16.45,5,5 estrellas,0,6.027483207642376,7.405532094393916,0.5512933565460408,construccion,15,28,0.7664285714285715,0.6674999999999999,0.5714285714285714,0.0714285714285714,0.0,0.1071428571428571,0.9041964285714286,0.9281214285714288,1.0,0.0357142857142857,0.1071428571428571,47.78297142857143,2,3,3 estrellas,Clientes recurrentes de comportamiento general
CLI0152,16.23,5,5 estrellas,0,5.590890339712547,8.447880334563937,0.6017535673577996,salud,28,41,0.7502439024390244,0.0,2.4878048780487805,0.0,0.0,0.1105691056910569,0.9807634146341464,0.4917487804878048,1.0,0.048780487804878,0.1463414634146341,47.78297142857143,2,3,3 estrellas,Clientes recurrentes de comportamiento general
CLI0147,16.09,5,5 estrellas,0,8.313394386225813,6.347084917462922,0.4329384316831938,construccion,7,17,4.1,0.0,4.411764705882353,0.0,0.0,0.088235294117647,0.9,0.6644352941176471,1.0,0.0,0.2352941176470588,47.78297142857143,2,3,3 estrellas,Clientes recurrentes de comportamiento general
CLI0011,15.56,5,5 estrellas,0,5.260351912521265,8.679598025330108,0.6226419796359709,manufactura,25,41,1.2807317073170732,1.6190243902439023,0.8292682926829268,0.0,0.1341463414634146,0.048780487804878,0.923709756097561,0.7663219512195122,0.8658536585365854,0.024390243902439,0.0975609756097561,47.78297142857143,2,3,3 estrellas,Clientes recurrentes de comportamiento general
CLI0174,15.33,5,5 estrellas,0,10.160142397731164,6.335854206868085,0.38408435444885974,transporte,9,12,0.0,0.0,0.0,0.0,0.0,0.1666666666666666,1.0,0.3749916666666666,1.0,0.0,0.0,47.78297142857143,2,3,3 estrellas,Clientes recurrentes de comportamiento general
CLI0125,15.25,5,5 estrellas,0,7.908129554068287,7.285860923751606,0.47952254112489195,manufactura,20,30,0.0,0.0,0.0,0.0,0.0,0.1666666666666666,1.0,0.3992533333333333,1.0,0.0,0.0,47.78297142857143,2,3,3 estrellas,Clientes recurrentes de comportamiento general
CLI0033,14.13,5,5 estrellas,0,8.205716881483596,7.143103353430213,0.4653845210319075,salud,28,45,0.4346666666666666,0.4066666666666667,0.3111111111111111,0.0,0.0,0.1777777777777777,0.9366133333333332,0.6431733333333333,1.0,0.0,0.0888888888888888,47.78297142857143,2,3,3 estrellas,Clientes recurrentes de comportamiento general
CLI0172,13.59,5,5 estrellas,0,8.889897076056133,6.652314482385645,0.4280159523869323,servicios,5,8,0.0,0.0,0.0,0.0,0.0,0.125,1.0,0.4375,1.0,0.0,0.0,47.78297142857143,2,3,3 estrellas,Clientes recurrentes de comportamiento general
CLI0133,13.12,5,5 estrellas,0,6.511661924607954,8.126193421741554,0.5551491819987223,salud,31,44,0.2479545454545454,0.2727272727272727,0.1363636363636363,0.0,0.0,0.1818181818181818,0.9723386363636364,0.6550090909090909,1.0,0.0,0.0227272727272727,47.78297142857143,2,3,3 estrellas,Clientes recurrentes de comportamiento general
CLI0016,11.55,5,5 estrellas,0,6.610688645830442,8.030688723322253,0.548492708086452,agro,25,36,0.2991666666666666,0.6391666666666667,0.6111111111111112,0.0,0.0,0.0972222222222222,0.9571277777777778,0.741675,1.0,0.0555555555555555,0.0555555555555555,47.78297142857143,2,3,3 estrellas,Clientes recurrentes de comportamiento general
CLI0038,11.53,5,5 estrellas,0,5.416660293993034,8.603618788801416,0.6136553158460086,agro,29,51,1.1309803921568626,0.9147058823529411,1.2941176470588236,0.0,0.0,0.1045751633986928,0.9595960784313724,0.7506843137254902,1.0,0.0,0.0980392156862745,47.78297142857143,2,3,3 estrellas,Clientes recurrentes de comportamiento general
CLI0149,11.24,5,5 estrellas,0,5.30533237931033,8.645998057310987,0.6197257026194302,manufactura,31,53,0.4086792452830188,0.6037735849056604,2.358490566037736,0.0,0.0,0.0849056603773584,0.9550698113207547,0.7634188679245283,1.0,0.0377358490566037,0.1132075471698113,47.78297142857143,2,3,3 estrellas,Clientes recurrentes de comportamiento general
CLI0109,7.98,5,5 estrellas,0,10.224048845492565,6.491658237365019,0.38835678354416686,construccion,14,19,0.0,0.0,0.0,0.0,0.0,0.0,1.0,0.7894736842105263,1.0,0.0526315789473684,0.0,47.78297142857143,2,3,3 estrellas,Clientes recurrentes de comportamiento general
CLI0091,7.33,5,5 estrellas,0,8.269010268008802,7.086324515812587,0.4614894182104609,servicios,9,15,0.0,0.0,0.0,0.0,0.0,0.0666666666666666,1.0,0.7733333333333333,1.0,0.0,0.0,47.78297142857143,2,3,3 estrellas,Clientes recurrentes de comportamiento general
CLI0106,7.3,5,5 estrellas,0,9.13006267702142,6.805782006662048,0.4270738164027421,retail,12,17,0.0,0.0,0.0,0.0,0.0,0.0588235294117647,1.0,0.7656941176470589,1.0,0.0,0.0,47.78297142857143,2,3,3 estrellas,Clientes recurrentes de comportamiento general
